ID,Company Name,Category,Website,Target Users,Founder/Company LinkedIn,Hiring Status,Funding Stage,Description,Domain,Pain Point 1,Pain Point 2,Pain Point 3,Email Body
1,Clerk,Developer tools,https://clerk.com,"Developers, SaaS founders, and Engineering teams",https://www.linkedin.com/company/clerk-inc,Yes,Series B,"Provides complete user management, authentication, and pre-built login components for web applications.",user authentication and identity management APIs,Testing SDK library rendering and sessions across various framework versions.,Auditing and rewriting developer quick-start docs for new API releases.,Scaling developer community engagement and user acquisition channels.,"Hi Clerk Team,

I recently came across Clerk and really liked what you're building in the SaaS space, especially around user authentication and identity management APIs. Your pre-built login components and React hooks that make user authentication completely painless to integrate are fantastic.

As SaaS products scale, the real challenge is not just development — but continuously managing user feedback, onboarding optimization, data workflows, growth experiments, and creative + content execution.

I’m Swatantra Shukla, Founder of NextGenGrowth.

NextGenGrowth is a student-powered execution and creator platform where brands and startups can directly access trained student talent for real, outcome-driven work — all managed through a structured, secure workflow.

We help SaaS teams with:

• Product testing & QA (web apps, SaaS tools, mobile apps)
• User feedback collection & UX research
• Data cleaning, tagging & structuring
• Growth experiments & market research
• Lead generation & outbound support
• Content & creative execution for marketing campaigns
• Community & user acquisition via campus ambassador programs
• Competitor tracking & positioning insights
• Ongoing execution via student creators on real projects

Instead of hiring and managing scattered interns or freelancers, startups can plug into a single structured system where student creators apply, work, submit, and get paid through a secure project flow.

If Clerk is currently focusing on testing authentication SDK versions, updating developer setup documentation, or scaling developer outreach, I’d love to explore whether this system can support your team.

Would you be open to a quick 15-minute call this week?

Looking forward to your thoughts.

Best regards,
Swatantra Shukla
Founder, NextGenGrowth
📧 swatantra@nextgengrowth.in
📱 +91 9532792303
🌐 https://nextgengrowth.in
🔗 https://www.linkedin.com/in/swatantra-shukla-aaa2a82bb/"
2,Resend,Developer tools,https://resend.com,"Software developers, SaaS builders, and engineering teams",https://www.linkedin.com/company/resend,Yes,Series A,An email API platform for developers that allows sending transactional emails with clean code and React templates.,email infrastructure and developer APIs,Running manual and automated testing of email rendering on diverse client apps.,Cleaning and tag-enriching user list databases to maintain high deliverability.,Developing tutorial guides and templates to acquire new developers.,"Hi Resend Team,

I recently came across Resend and really liked what you're building in the SaaS space, especially around email infrastructure and developer APIs. I really like how you're using React Email to let developers build and preview beautiful responsive emails using clean code.

As SaaS products scale, the real challenge is not just development — but continuously managing user feedback, onboarding optimization, data workflows, growth experiments, and creative + content execution.

I’m Swatantra Shukla, Founder of NextGenGrowth.

NextGenGrowth is a student-powered execution and creator platform where brands and startups can directly access trained student talent for real, outcome-driven work — all managed through a structured, secure workflow.

We help SaaS teams with:

• Product testing & QA (web apps, SaaS tools, mobile apps)
• User feedback collection & UX research
• Data cleaning, tagging & structuring
• Growth experiments & market research
• Lead generation & outbound support
• Content & creative execution for marketing campaigns
• Community & user acquisition via campus ambassador programs
• Competitor tracking & positioning insights
• Ongoing execution via student creators on real projects

Instead of hiring and managing scattered interns or freelancers, startups can plug into a single structured system where student creators apply, work, submit, and get paid through a secure project flow.

If Resend is currently focusing on testing email client layouts, cleaning recipient databases, or creating developer tutorial resources, I’d love to explore whether this system can support your team.

Would you be open to a quick 15-minute call this week?

Looking forward to your thoughts.

Best regards,
Swatantra Shukla
Founder, NextGenGrowth
📧 swatantra@nextgengrowth.in
📱 +91 9532792303
🌐 https://nextgengrowth.in
🔗 https://www.linkedin.com/in/swatantra-shukla-aaa2a82bb/"
3,Railway,Developer tools,https://railway.app,"Full-stack developers, DevOps teams, and startups",https://www.linkedin.com/company/railway-app,Yes,Series A,"A cloud deployment platform that lets developers provision databases, microservices, and web applications instantly.",cloud infrastructure and developer deployment workflows,Testing community deployment templates to ensure they build without errors.,Collecting user feedback on environment dashboard configuration steps.,Running outbound developer developer relations campaigns for new templates.,"Hi Railway Team,

I recently came across Railway and really liked what you're building in the SaaS space, especially around cloud infrastructure and developer deployment workflows. I saw how your environment templates and serverless hosting let developers spin up databases and microservices instantly.

As SaaS products scale, the real challenge is not just development — but continuously managing user feedback, onboarding optimization, data workflows, growth experiments, and creative + content execution.

I’m Swatantra Shukla, Founder of NextGenGrowth.

NextGenGrowth is a student-powered execution and creator platform where brands and startups can directly access trained student talent for real, outcome-driven work — all managed through a structured, secure workflow.

We help SaaS teams with:

• Product testing & QA (web apps, SaaS tools, mobile apps)
• User feedback collection & UX research
• Data cleaning, tagging & structuring
• Growth experiments & market research
• Lead generation & outbound support
• Content & creative execution for marketing campaigns
• Community & user acquisition via campus ambassador programs
• Competitor tracking & positioning insights
• Ongoing execution via student creators on real projects

Instead of hiring and managing scattered interns or freelancers, startups can plug into a single structured system where student creators apply, work, submit, and get paid through a secure project flow.

If Railway is currently focusing on testing deploy templates, gathering onboarding feedback, or scaling developer ambassador programs, I’d love to explore whether this system can support your team.

Would you be open to a quick 15-minute call this week?

Looking forward to your thoughts.

Best regards,
Swatantra Shukla
Founder, NextGenGrowth
📧 swatantra@nextgengrowth.in
📱 +91 9532792303
🌐 https://nextgengrowth.in
🔗 https://www.linkedin.com/in/swatantra-shukla-aaa2a82bb/"
4,Neon,Developer tools,https://neon.tech,"Backend engineers, software developers, and database teams",https://www.linkedin.com/company/neon-tech,Yes,Series B,"A serverless Postgres database platform featuring autoscaling, database branching, and instant provisioning.",serverless Postgres database scaling,Testing database branch creation under concurrent simulated workloads.,Writing step-by-step developer guides for backend ORM integrations.,Sourcing developer feedback on serverless pricing and setup hurdles.,"Hi Neon Team,

I recently came across Neon and really liked what you're building in the SaaS space, especially around serverless Postgres database scaling. Your database branching feature that replicates schema and data for local developer testing is a game-changer.

As SaaS products scale, the real challenge is not just development — but continuously managing user feedback, onboarding optimization, data workflows, growth experiments, and creative + content execution.

I’m Swatantra Shukla, Founder of NextGenGrowth.

NextGenGrowth is a student-powered execution and creator platform where brands and startups can directly access trained student talent for real, outcome-driven work — all managed through a structured, secure workflow.

We help SaaS teams with:

• Product testing & QA (web apps, SaaS tools, mobile apps)
• User feedback collection & UX research
• Data cleaning, tagging & structuring
• Growth experiments & market research
• Lead generation & outbound support
• Content & creative execution for marketing campaigns
• Community & user acquisition via campus ambassador programs
• Competitor tracking & positioning insights
• Ongoing execution via student creators on real projects

Instead of hiring and managing scattered interns or freelancers, startups can plug into a single structured system where student creators apply, work, submit, and get paid through a secure project flow.

If Neon is currently focusing on testing DB branching workloads, compiling backend ORM tutorials, or gathering developer setup feedback, I’d love to explore whether this system can support your team.

Would you be open to a quick 15-minute call this week?

Looking forward to your thoughts.

Best regards,
Swatantra Shukla
Founder, NextGenGrowth
📧 swatantra@nextgengrowth.in
📱 +91 9532792303
🌐 https://nextgengrowth.in
🔗 https://www.linkedin.com/in/swatantra-shukla-aaa2a82bb/"
5,Supabase,Developer tools,https://supabase.com,"Web and mobile app developers, SaaS founders",https://www.linkedin.com/company/supabase,Yes,Series B,"An open-source Firebase alternative providing a Postgres database, authentication, instant APIs, and edge functions.",open-source backend-as-a-service and database tooling,Running regression testing on dashboard modules and client SDK updates.,Benchmarking response times for database edge functions globally.,Structuring and cleaning community-submitted integration tutorials.,"Hi Supabase Team,

I recently came across Supabase and really liked what you're building in the SaaS space, especially around open-source backend-as-a-service and database tooling. I saw how your platform brings together Postgres databases, auth, and edge functions into a clean, unified dashboard.

As SaaS products scale, the real challenge is not just development — but continuously managing user feedback, onboarding optimization, data workflows, growth experiments, and creative + content execution.

I’m Swatantra Shukla, Founder of NextGenGrowth.

NextGenGrowth is a student-powered execution and creator platform where brands and startups can directly access trained student talent for real, outcome-driven work — all managed through a structured, secure workflow.

We help SaaS teams with:

• Product testing & QA (web apps, SaaS tools, mobile apps)
• User feedback collection & UX research
• Data cleaning, tagging & structuring
• Growth experiments & market research
• Lead generation & outbound support
• Content & creative execution for marketing campaigns
• Community & user acquisition via campus ambassador programs
• Competitor tracking & positioning insights
• Ongoing execution via student creators on real projects

Instead of hiring and managing scattered interns or freelancers, startups can plug into a single structured system where student creators apply, work, submit, and get paid through a secure project flow.

If Supabase is currently focusing on testing dashboard UI regressions, benchmarking edge functions, or structuring developer integration docs, I’d love to explore whether this system can support your team.

Would you be open to a quick 15-minute call this week?

Looking forward to your thoughts.

Best regards,
Swatantra Shukla
Founder, NextGenGrowth
📧 swatantra@nextgengrowth.in
📱 +91 9532792303
🌐 https://nextgengrowth.in
🔗 https://www.linkedin.com/in/swatantra-shukla-aaa2a82bb/"
6,Vercel,Developer tools,https://vercel.com,"Frontend developers, SaaS teams, and enterprise engineering departments",https://www.linkedin.com/company/vercel,Yes,Series D,"Provides hosting and deployment infrastructure optimized for Next.js, frontend frameworks, and edge performance.",frontend deployment and hosting infrastructure,Testing edge middleware functions for compatibility across various browser agents.,Auditing and cleaning platform documentation logs for dead links and outdated syntax.,Gathering detailed user experience feedback from enterprise team onboardings.,"Hi Vercel Team,

I recently came across Vercel and really liked what you're building in the SaaS space, especially around frontend deployment and hosting infrastructure. Your collaborative preview deployments that let teams comment directly on live frontend iterations are incredibly useful.

As SaaS products scale, the real challenge is not just development — but continuously managing user feedback, onboarding optimization, data workflows, growth experiments, and creative + content execution.

I’m Swatantra Shukla, Founder of NextGenGrowth.

NextGenGrowth is a student-powered execution and creator platform where brands and startups can directly access trained student talent for real, outcome-driven work — all managed through a structured, secure workflow.

We help SaaS teams with:

• Product testing & QA (web apps, SaaS tools, mobile apps)
• User feedback collection & UX research
• Data cleaning, tagging & structuring
• Growth experiments & market research
• Lead generation & outbound support
• Content & creative execution for marketing campaigns
• Community & user acquisition via campus ambassador programs
• Competitor tracking & positioning insights
• Ongoing execution via student creators on real projects

Instead of hiring and managing scattered interns or freelancers, startups can plug into a single structured system where student creators apply, work, submit, and get paid through a secure project flow.

If Vercel is currently focusing on testing edge middleware versions, auditing documentation links, or collecting enterprise UX feedback, I’d love to explore whether this system can support your team.

Would you be open to a quick 15-minute call this week?

Looking forward to your thoughts.

Best regards,
Swatantra Shukla
Founder, NextGenGrowth
📧 swatantra@nextgengrowth.in
📱 +91 9532792303
🌐 https://nextgengrowth.in
🔗 https://www.linkedin.com/in/swatantra-shukla-aaa2a82bb/"
7,Sentry,Developer tools,https://sentry.io,"Software engineers, mobile developers, and DevOps leads",https://www.linkedin.com/company/sentry,Yes,Series E,An application performance and error tracking platform that monitors stack traces and performance issues in real time.,real-time application error monitoring,Testing exception-tracking SDK integrations across legacy framework versions.,Structuring and tagging error databases for predictive crash notifications.,Writing developer comparison blogs and technical outreach documentation.,"Hi Sentry Team,

I recently came across Sentry and really liked what you're building in the SaaS space, especially around real-time application error monitoring. Your stack trace aggregation and session replay tools that pinpoint the exact code line responsible for crashes are life-savers.

As SaaS products scale, the real challenge is not just development — but continuously managing user feedback, onboarding optimization, data workflows, growth experiments, and creative + content execution.

I’m Swatantra Shukla, Founder of NextGenGrowth.

NextGenGrowth is a student-powered execution and creator platform where brands and startups can directly access trained student talent for real, outcome-driven work — all managed through a structured, secure workflow.

We help SaaS teams with:

• Product testing & QA (web apps, SaaS tools, mobile apps)
• User feedback collection & UX research
• Data cleaning, tagging & structuring
• Growth experiments & market research
• Lead generation & outbound support
• Content & creative execution for marketing campaigns
• Community & user acquisition via campus ambassador programs
• Competitor tracking & positioning insights
• Ongoing execution via student creators on real projects

Instead of hiring and managing scattered interns or freelancers, startups can plug into a single structured system where student creators apply, work, submit, and get paid through a secure project flow.

If Sentry is currently focusing on testing SDK tracking integrations, structuring error databases, or compiling technical dev content, I’d love to explore whether this system can support your team.

Would you be open to a quick 15-minute call this week?

Looking forward to your thoughts.

Best regards,
Swatantra Shukla
Founder, NextGenGrowth
📧 swatantra@nextgengrowth.in
📱 +91 9532792303
🌐 https://nextgengrowth.in
🔗 https://www.linkedin.com/in/swatantra-shukla-aaa2a82bb/"
8,Temporal,Developer tools,https://temporal.io,"Distributed systems engineers, backend architects",https://www.linkedin.com/company/temporal-technologies,Yes,Series B,An open-source durable execution platform that enables developers to build highly reliable distributed workflows.,microservices orchestration and durable execution,Testing workflow recovery edge cases in simulated network partition crashes.,Creating tutorial guides and boilerplate repositories for new language SDKs.,Running developer research surveys to track workflow onboarding bottlenecks.,"Hi Temporal Team,

I recently came across Temporal and really liked what you're building in the SaaS space, especially around microservices orchestration and durable execution. I saw how your platform handles state maintenance and retry logic automatically for complex distributed microservices.

As SaaS products scale, the real challenge is not just development — but continuously managing user feedback, onboarding optimization, data workflows, growth experiments, and creative + content execution.

I’m Swatantra Shukla, Founder of NextGenGrowth.

NextGenGrowth is a student-powered execution and creator platform where brands and startups can directly access trained student talent for real, outcome-driven work — all managed through a structured, secure workflow.

We help SaaS teams with:

• Product testing & QA (web apps, SaaS tools, mobile apps)
• User feedback collection & UX research
• Data cleaning, tagging & structuring
• Growth experiments & market research
• Lead generation & outbound support
• Content & creative execution for marketing campaigns
• Community & user acquisition via campus ambassador programs
• Competitor tracking & positioning insights
• Ongoing execution via student creators on real projects

Instead of hiring and managing scattered interns or freelancers, startups can plug into a single structured system where student creators apply, work, submit, and get paid through a secure project flow.

If Temporal is currently focusing on testing workflow recovery setups, building SDK boilerplate repositories, or running onboarding surveys, I’d love to explore whether this system can support your team.

Would you be open to a quick 15-minute call this week?

Looking forward to your thoughts.

Best regards,
Swatantra Shukla
Founder, NextGenGrowth
📧 swatantra@nextgengrowth.in
📱 +91 9532792303
🌐 https://nextgengrowth.in
🔗 https://www.linkedin.com/in/swatantra-shukla-aaa2a82bb/"
9,Codeium,Developer tools,https://codeium.com,"Developers, software engineers, and enterprise software teams",https://www.linkedin.com/company/codeium,Yes,Series C,An AI-powered code autocomplete and developer search tool that integrates with modern IDEs.,AI-powered developer code autocomplete,Testing IDE extension plugins for compatibility across various editor versions.,Running human evaluations to benchmark autocomplete suggestions for accuracy.,Gathering user feedback from university developer hackathons.,"Hi Codeium Team,

I recently came across Codeium and really liked what you're building in the SaaS space, especially around AI-powered developer code autocomplete. Your rapid inline autocomplete suggestions and multi-file contextual chat are making coding workflows incredibly efficient.

As SaaS products scale, the real challenge is not just development — but continuously managing user feedback, onboarding optimization, data workflows, growth experiments, and creative + content execution.

I’m Swatantra Shukla, Founder of NextGenGrowth.

NextGenGrowth is a student-powered execution and creator platform where brands and startups can directly access trained student talent for real, outcome-driven work — all managed through a structured, secure workflow.

We help SaaS teams with:

• Product testing & QA (web apps, SaaS tools, mobile apps)
• User feedback collection & UX research
• Data cleaning, tagging & structuring
• Growth experiments & market research
• Lead generation & outbound support
• Content & creative execution for marketing campaigns
• Community & user acquisition via campus ambassador programs
• Competitor tracking & positioning insights
• Ongoing execution via student creators on real projects

Instead of hiring and managing scattered interns or freelancers, startups can plug into a single structured system where student creators apply, work, submit, and get paid through a secure project flow.

If Codeium is currently focusing on testing IDE plugin updates, benchmarking code completions, or coordinating student hackathons, I’d love to explore whether this system can support your team.

Would you be open to a quick 15-minute call this week?

Looking forward to your thoughts.

Best regards,
Swatantra Shukla
Founder, NextGenGrowth
📧 swatantra@nextgengrowth.in
📱 +91 9532792303
🌐 https://nextgengrowth.in
🔗 https://www.linkedin.com/in/swatantra-shukla-aaa2a82bb/"
10,GitBook,Developer tools,https://gitbook.com,"Engineering teams, product managers, and developers",https://www.linkedin.com/company/gitbook,Yes,Series A,"A collaborative documentation platform for teams to write product wikis, API references, and user guides.",developer documentation and team wiki systems,Testing rich text editor layouts and markdown parsers across multiple browsers.,Auditing user template libraries to ensure high-quality styling defaults.,Acquiring developer teams to try out your new AI search integration.,"Hi GitBook Team,

I recently came across GitBook and really liked what you're building in the SaaS space, especially around developer documentation and team wiki systems. I noticed how your Git integration and markdown editor make keeping technical documentation updated so simple.

As SaaS products scale, the real challenge is not just development — but continuously managing user feedback, onboarding optimization, data workflows, growth experiments, and creative + content execution.

I’m Swatantra Shukla, Founder of NextGenGrowth.

NextGenGrowth is a student-powered execution and creator platform where brands and startups can directly access trained student talent for real, outcome-driven work — all managed through a structured, secure workflow.

We help SaaS teams with:

• Product testing & QA (web apps, SaaS tools, mobile apps)
• User feedback collection & UX research
• Data cleaning, tagging & structuring
• Growth experiments & market research
• Lead generation & outbound support
• Content & creative execution for marketing campaigns
• Community & user acquisition via campus ambassador programs
• Competitor tracking & positioning insights
• Ongoing execution via student creators on real projects

Instead of hiring and managing scattered interns or freelancers, startups can plug into a single structured system where student creators apply, work, submit, and get paid through a secure project flow.

If GitBook is currently focusing on testing editor markdown parsers, auditing documentation styles, or scaling dev team acquisition, I’d love to explore whether this system can support your team.

Would you be open to a quick 15-minute call this week?

Looking forward to your thoughts.

Best regards,
Swatantra Shukla
Founder, NextGenGrowth
📧 swatantra@nextgengrowth.in
📱 +91 9532792303
🌐 https://nextgengrowth.in
🔗 https://www.linkedin.com/in/swatantra-shukla-aaa2a82bb/"
11,Codacy,Developer tools,https://codacy.com,"Engineering managers, team leads, and developers",https://www.linkedin.com/company/codacy,Yes,Series B,"An automated code review and static analysis tool that monitors code quality, security, and coverage.",code analysis and automated review platforms,Testing parser rule execution for edge cases in less common programming languages.,Writing technical product integration guides and customer onboarding manuals.,Outbound prospecting to connect with engineering managers on GitHub.,"Hi Codacy Team,

I recently came across Codacy and really liked what you're building in the SaaS space, especially around code analysis and automated review platforms. I like how your platform integrates static analysis and security checks directly into the pull request workflow.

As SaaS products scale, the real challenge is not just development — but continuously managing user feedback, onboarding optimization, data workflows, growth experiments, and creative + content execution.

I’m Swatantra Shukla, Founder of NextGenGrowth.

NextGenGrowth is a student-powered execution and creator platform where brands and startups can directly access trained student talent for real, outcome-driven work — all managed through a structured, secure workflow.

We help SaaS teams with:

• Product testing & QA (web apps, SaaS tools, mobile apps)
• User feedback collection & UX research
• Data cleaning, tagging & structuring
• Growth experiments & market research
• Lead generation & outbound support
• Content & creative execution for marketing campaigns
• Community & user acquisition via campus ambassador programs
• Competitor tracking & positioning insights
• Ongoing execution via student creators on real projects

Instead of hiring and managing scattered interns or freelancers, startups can plug into a single structured system where student creators apply, work, submit, and get paid through a secure project flow.

If Codacy is currently focusing on testing static code rules, writing developer integration guides, or scaling outbound pipeline, I’d love to explore whether this system can support your team.

Would you be open to a quick 15-minute call this week?

Looking forward to your thoughts.

Best regards,
Swatantra Shukla
Founder, NextGenGrowth
📧 swatantra@nextgengrowth.in
📱 +91 9532792303
🌐 https://nextgengrowth.in
🔗 https://www.linkedin.com/in/swatantra-shukla-aaa2a82bb/"
12,Inngest,Developer tools,https://inngest.com,"SaaS developers, serverless builders, and backend teams",https://www.linkedin.com/company/inngest,Yes,Seed,An event-driven serverless workflow platform that lets developers run background jobs without managing queues.,event-driven serverless workflows,Testing function retry logic under simulated rate-limit scenarios.,Writing step-by-step developer guides for setting up webhooks.,Acquiring early SaaS developers to build initial feedback loops.,"Hi Inngest Team,

I recently came across Inngest and really liked what you're building in the SaaS space, especially around event-driven serverless workflows. I love how your zero-infrastructure approach lets developers write event-driven background functions with simple code.

As SaaS products scale, the real challenge is not just development — but continuously managing user feedback, onboarding optimization, data workflows, growth experiments, and creative + content execution.

I’m Swatantra Shukla, Founder of NextGenGrowth.

NextGenGrowth is a student-powered execution and creator platform where brands and startups can directly access trained student talent for real, outcome-driven work — all managed through a structured, secure workflow.

We help SaaS teams with:

• Product testing & QA (web apps, SaaS tools, mobile apps)
• User feedback collection & UX research
• Data cleaning, tagging & structuring
• Growth experiments & market research
• Lead generation & outbound support
• Content & creative execution for marketing campaigns
• Community & user acquisition via campus ambassador programs
• Competitor tracking & positioning insights
• Ongoing execution via student creators on real projects

Instead of hiring and managing scattered interns or freelancers, startups can plug into a single structured system where student creators apply, work, submit, and get paid through a secure project flow.

If Inngest is currently focusing on testing event retry flows, writing webhook tutorial setups, or driving developer signups, I’d love to explore whether this system can support your team.

Would you be open to a quick 15-minute call this week?

Looking forward to your thoughts.

Best regards,
Swatantra Shukla
Founder, NextGenGrowth
📧 swatantra@nextgengrowth.in
📱 +91 9532792303
🌐 https://nextgengrowth.in
🔗 https://www.linkedin.com/in/swatantra-shukla-aaa2a82bb/"
13,Trigger.dev,Developer tools,https://trigger.dev,"Node.js developers, SaaS builders, and backend teams",https://www.linkedin.com/company/trigger-dev,Yes,Seed,An open-source background jobs framework that lets developers run long-running tasks in Next.js and Node.js.,open-source background jobs frameworks,Testing background job runner stability during heavy concurrent loads.,Writing documentation tutorials on connecting third-party API integrations.,Promoting your open-source repository on GitHub to increase developer stars.,"Hi Trigger.dev Team,

I recently came across Trigger.dev and really liked what you're building in the SaaS space, especially around open-source background jobs frameworks. I saw how your platform handles execution state and timeouts for long-running Next.js background tasks.

As SaaS products scale, the real challenge is not just development — but continuously managing user feedback, onboarding optimization, data workflows, growth experiments, and creative + content execution.

I’m Swatantra Shukla, Founder of NextGenGrowth.

NextGenGrowth is a student-powered execution and creator platform where brands and startups can directly access trained student talent for real, outcome-driven work — all managed through a structured, secure workflow.

We help SaaS teams with:

• Product testing & QA (web apps, SaaS tools, mobile apps)
• User feedback collection & UX research
• Data cleaning, tagging & structuring
• Growth experiments & market research
• Lead generation & outbound support
• Content & creative execution for marketing campaigns
• Community & user acquisition via campus ambassador programs
• Competitor tracking & positioning insights
• Ongoing execution via student creators on real projects

Instead of hiring and managing scattered interns or freelancers, startups can plug into a single structured system where student creators apply, work, submit, and get paid through a secure project flow.

If Trigger.dev is currently focusing on testing background runner stability, writing API integration guides, or driving GitHub developer stars, I’d love to explore whether this system can support your team.

Would you be open to a quick 15-minute call this week?

Looking forward to your thoughts.

Best regards,
Swatantra Shukla
Founder, NextGenGrowth
📧 swatantra@nextgengrowth.in
📱 +91 9532792303
🌐 https://nextgengrowth.in
🔗 https://www.linkedin.com/in/swatantra-shukla-aaa2a82bb/"
14,Dub.co,Developer tools,https://dub.co,"Startups, growth marketers, and SaaS founders",https://www.linkedin.com/company/dub-co,Yes,Seed,"An open-source link management infrastructure for modern marketing teams, featuring geo-targeting and analytics.",link management and redirection infrastructure,Testing redirect speeds and edge caching across global servers.,Gathering user feedback on analytics dashboard filters and exports.,Outbound marketing to source SaaS builders for your developer tier.,"Hi Dub.co Team,

I recently came across Dub.co and really liked what you're building in the SaaS space, especially around link management and redirection infrastructure. Your customizable link redirections and high-fidelity analytics dashboard for tracking marketing campaigns look incredibly clean.

As SaaS products scale, the real challenge is not just development — but continuously managing user feedback, onboarding optimization, data workflows, growth experiments, and creative + content execution.

I’m Swatantra Shukla, Founder of NextGenGrowth.

NextGenGrowth is a student-powered execution and creator platform where brands and startups can directly access trained student talent for real, outcome-driven work — all managed through a structured, secure workflow.

We help SaaS teams with:

• Product testing & QA (web apps, SaaS tools, mobile apps)
• User feedback collection & UX research
• Data cleaning, tagging & structuring
• Growth experiments & market research
• Lead generation & outbound support
• Content & creative execution for marketing campaigns
• Community & user acquisition via campus ambassador programs
• Competitor tracking & positioning insights
• Ongoing execution via student creators on real projects

Instead of hiring and managing scattered interns or freelancers, startups can plug into a single structured system where student creators apply, work, submit, and get paid through a secure project flow.

If Dub.co is currently focusing on testing global redirection speeds, gathering analytics feedback, or scaling developer outreach, I’d love to explore whether this system can support your team.

Would you be open to a quick 15-minute call this week?

Looking forward to your thoughts.

Best regards,
Swatantra Shukla
Founder, NextGenGrowth
📧 swatantra@nextgengrowth.in
📱 +91 9532792303
🌐 https://nextgengrowth.in
🔗 https://www.linkedin.com/in/swatantra-shukla-aaa2a82bb/"
15,Axiom,Developer tools,https://axiom.co,"DevOps teams, backend engineers, and security leads",https://www.linkedin.com/company/axiom-data,Yes,Seed,A serverless logging and data analytics platform that allows querying terabytes of log data in real-time.,serverless logging and query infrastructure,Testing query parser accuracy against complex structured log formats.,"Writing integration guides for popular cloud providers (AWS, Vercel).",Running developer research surveys to locate dashboard navigation hurdles.,"Hi Axiom Team,

I recently came across Axiom and really liked what you're building in the SaaS space, especially around serverless logging and query infrastructure. Your ability to ingest gigabytes of logs and run real-time queries without managing complex infrastructure is highly impressive.

As SaaS products scale, the real challenge is not just development — but continuously managing user feedback, onboarding optimization, data workflows, growth experiments, and creative + content execution.

I’m Swatantra Shukla, Founder of NextGenGrowth.

NextGenGrowth is a student-powered execution and creator platform where brands and startups can directly access trained student talent for real, outcome-driven work — all managed through a structured, secure workflow.

We help SaaS teams with:

• Product testing & QA (web apps, SaaS tools, mobile apps)
• User feedback collection & UX research
• Data cleaning, tagging & structuring
• Growth experiments & market research
• Lead generation & outbound support
• Content & creative execution for marketing campaigns
• Community & user acquisition via campus ambassador programs
• Competitor tracking & positioning insights
• Ongoing execution via student creators on real projects

Instead of hiring and managing scattered interns or freelancers, startups can plug into a single structured system where student creators apply, work, submit, and get paid through a secure project flow.

If Axiom is currently focusing on testing log query accuracy, writing cloud platform integrations, or running UX surveys, I’d love to explore whether this system can support your team.

Would you be open to a quick 15-minute call this week?

Looking forward to your thoughts.

Best regards,
Swatantra Shukla
Founder, NextGenGrowth
📧 swatantra@nextgengrowth.in
📱 +91 9532792303
🌐 https://nextgengrowth.in
🔗 https://www.linkedin.com/in/swatantra-shukla-aaa2a82bb/"
16,Jasper,Marketing SaaS,https://jasper.ai,"Enterprise marketing teams, content managers, and agencies",https://www.linkedin.com/company/jasper-ai,Yes,Series A,"An AI-powered co-pilot that helps marketing teams write content, align with brand voice, and manage campaigns.",AI copywriting and marketing content systems,Testing template outputs for formatting consistency across browser types.,Auditing generated text outputs to identify repetitive phrasing or style deviations.,Creating diverse ad designs and creatives for multichannel marketing tests.,"Hi Jasper Team,

I recently came across Jasper and really liked what you're building in the SaaS space, especially around AI copywriting and marketing content systems. I really like your brand voice model which ensures generated blog posts and ads stay aligned with company style guides.

As SaaS products scale, the real challenge is not just development — but continuously managing user feedback, onboarding optimization, data workflows, growth experiments, and creative + content execution.

I’m Swatantra Shukla, Founder of NextGenGrowth.

NextGenGrowth is a student-powered execution and creator platform where brands and startups can directly access trained student talent for real, outcome-driven work — all managed through a structured, secure workflow.

We help SaaS teams with:

• Product testing & QA (web apps, SaaS tools, mobile apps)
• User feedback collection & UX research
• Data cleaning, tagging & structuring
• Growth experiments & market research
• Lead generation & outbound support
• Content & creative execution for marketing campaigns
• Community & user acquisition via campus ambassador programs
• Competitor tracking & positioning insights
• Ongoing execution via student creators on real projects

Instead of hiring and managing scattered interns or freelancers, startups can plug into a single structured system where student creators apply, work, submit, and get paid through a secure project flow.

If Jasper is currently focusing on testing editor formatting behaviors, auditing text styling variations, or designing marketing ad creatives, I’d love to explore whether this system can support your team.

Would you be open to a quick 15-minute call this week?

Looking forward to your thoughts.

Best regards,
Swatantra Shukla
Founder, NextGenGrowth
📧 swatantra@nextgengrowth.in
📱 +91 9532792303
🌐 https://nextgengrowth.in
🔗 https://www.linkedin.com/in/swatantra-shukla-aaa2a82bb/"
17,Copy.ai,Marketing SaaS,https://copy.ai,"Go-to-market teams, marketers, and growth builders",https://www.linkedin.com/company/copyai,Yes,Series A,"A GTM automation platform that generates blog posts, emails, and social copy using AI workflows.",AI marketing copy and workflow automation,Testing workflow run outputs for structural formatting errors.,Collecting user feedback on custom workflow template creation.,Cleaning and enriching prospecting data feeds for cold outreach flows.,"Hi Copy.ai Team,

I recently came across Copy.ai and really liked what you're building in the SaaS space, especially around AI marketing copy and workflow automation. I noticed how your GTM workflow builder automates multi-step processes like converting product releases into marketing copy.

As SaaS products scale, the real challenge is not just development — but continuously managing user feedback, onboarding optimization, data workflows, growth experiments, and creative + content execution.

I’m Swatantra Shukla, Founder of NextGenGrowth.

NextGenGrowth is a student-powered execution and creator platform where brands and startups can directly access trained student talent for real, outcome-driven work — all managed through a structured, secure workflow.

We help SaaS teams with:

• Product testing & QA (web apps, SaaS tools, mobile apps)
• User feedback collection & UX research
• Data cleaning, tagging & structuring
• Growth experiments & market research
• Lead generation & outbound support
• Content & creative execution for marketing campaigns
• Community & user acquisition via campus ambassador programs
• Competitor tracking & positioning insights
• Ongoing execution via student creators on real projects

Instead of hiring and managing scattered interns or freelancers, startups can plug into a single structured system where student creators apply, work, submit, and get paid through a secure project flow.

If Copy.ai is currently focusing on testing workflow output formatting, collecting template builder reviews, or enriching outreach lists, I’d love to explore whether this system can support your team.

Would you be open to a quick 15-minute call this week?

Looking forward to your thoughts.

Best regards,
Swatantra Shukla
Founder, NextGenGrowth
📧 swatantra@nextgengrowth.in
📱 +91 9532792303
🌐 https://nextgengrowth.in
🔗 https://www.linkedin.com/in/swatantra-shukla-aaa2a82bb/"
18,Writesonic,Marketing SaaS,https://writesonic.com,"SEO professionals, digital marketers, and agency owners",https://www.linkedin.com/company/writesonic,Yes,Seed,"A generative AI platform for creating SEO-friendly articles, marketing copy, and customizable AI chatbots.",AI writing and SEO content optimization,Testing article editor features (like formatting and image insertion) for web bugs.,Auditing chatbot response accuracy on custom customer datasets.,Sourcing marketing leads and executing outbound growth campaigns.,"Hi Writesonic Team,

I recently came across Writesonic and really liked what you're building in the SaaS space, especially around AI writing and SEO content optimization. Your SEO-optimized blog generator that analyzes current search rankings to compile drafts is exceptionally useful.

As SaaS products scale, the real challenge is not just development — but continuously managing user feedback, onboarding optimization, data workflows, growth experiments, and creative + content execution.

I’m Swatantra Shukla, Founder of NextGenGrowth.

NextGenGrowth is a student-powered execution and creator platform where brands and startups can directly access trained student talent for real, outcome-driven work — all managed through a structured, secure workflow.

We help SaaS teams with:

• Product testing & QA (web apps, SaaS tools, mobile apps)
• User feedback collection & UX research
• Data cleaning, tagging & structuring
• Growth experiments & market research
• Lead generation & outbound support
• Content & creative execution for marketing campaigns
• Community & user acquisition via campus ambassador programs
• Competitor tracking & positioning insights
• Ongoing execution via student creators on real projects

Instead of hiring and managing scattered interns or freelancers, startups can plug into a single structured system where student creators apply, work, submit, and get paid through a secure project flow.

If Writesonic is currently focusing on testing blog editor components, auditing custom chatbot responses, or running outbound campaigns, I’d love to explore whether this system can support your team.

Would you be open to a quick 15-minute call this week?

Looking forward to your thoughts.

Best regards,
Swatantra Shukla
Founder, NextGenGrowth
📧 swatantra@nextgengrowth.in
📱 +91 9532792303
🌐 https://nextgengrowth.in
🔗 https://www.linkedin.com/in/swatantra-shukla-aaa2a82bb/"
19,Mutiny,Marketing SaaS,https://mutinyhq.com,"B2B growth teams, marketing leads, and conversion specialists",https://www.linkedin.com/company/mutinyhq,Yes,Series B,A website personalization platform that allows B2B companies to customize copy and layouts for target companies.,web personalization and conversion optimization,Testing personalized layout rendering across diverse mobile browsers.,Auditing client IP resolution databases to clean up mismatches.,Designing and executing ad creatives for customer acquisition tests.,"Hi Mutiny Team,

I recently came across Mutiny and really liked what you're building in the SaaS space, especially around web personalization and conversion optimization. I really like how your platform identifies site visitors by IP to swap headlines for specific industries.

As SaaS products scale, the real challenge is not just development — but continuously managing user feedback, onboarding optimization, data workflows, growth experiments, and creative + content execution.

I’m Swatantra Shukla, Founder of NextGenGrowth.

NextGenGrowth is a student-powered execution and creator platform where brands and startups can directly access trained student talent for real, outcome-driven work — all managed through a structured, secure workflow.

We help SaaS teams with:

• Product testing & QA (web apps, SaaS tools, mobile apps)
• User feedback collection & UX research
• Data cleaning, tagging & structuring
• Growth experiments & market research
• Lead generation & outbound support
• Content & creative execution for marketing campaigns
• Community & user acquisition via campus ambassador programs
• Competitor tracking & positioning insights
• Ongoing execution via student creators on real projects

Instead of hiring and managing scattered interns or freelancers, startups can plug into a single structured system where student creators apply, work, submit, and get paid through a secure project flow.

If Mutiny is currently focusing on testing mobile layout variations, cleaning IP databases, or producing acquisition marketing creatives, I’d love to explore whether this system can support your team.

Would you be open to a quick 15-minute call this week?

Looking forward to your thoughts.

Best regards,
Swatantra Shukla
Founder, NextGenGrowth
📧 swatantra@nextgengrowth.in
📱 +91 9532792303
🌐 https://nextgengrowth.in
🔗 https://www.linkedin.com/in/swatantra-shukla-aaa2a82bb/"
20,Senja,Marketing SaaS,https://senja.io,"SaaS founders, creators, and marketers",https://www.linkedin.com/company/senjahq,Yes,Bootstrapped,"A tool that helps businesses collect, manage, and share customer text and video testimonials.",customer testimonial collection and widgets,Testing collection widgets on mobile safari and edge cases.,Auditing video testimonial transcriber scripts for grammar errors.,Outbound outreach to acquire new SaaS founders for your paid plans.,"Hi Senja Team,

I recently came across Senja and really liked what you're building in the SaaS space, especially around customer testimonial collection and widgets. Your simple collection forms that make it incredibly easy for users to record and submit video testimonials are brilliant.

As SaaS products scale, the real challenge is not just development — but continuously managing user feedback, onboarding optimization, data workflows, growth experiments, and creative + content execution.

I’m Swatantra Shukla, Founder of NextGenGrowth.

NextGenGrowth is a student-powered execution and creator platform where brands and startups can directly access trained student talent for real, outcome-driven work — all managed through a structured, secure workflow.

We help SaaS teams with:

• Product testing & QA (web apps, SaaS tools, mobile apps)
• User feedback collection & UX research
• Data cleaning, tagging & structuring
• Growth experiments & market research
• Lead generation & outbound support
• Content & creative execution for marketing campaigns
• Community & user acquisition via campus ambassador programs
• Competitor tracking & positioning insights
• Ongoing execution via student creators on real projects

Instead of hiring and managing scattered interns or freelancers, startups can plug into a single structured system where student creators apply, work, submit, and get paid through a secure project flow.

If Senja is currently focusing on testing collection widgets on mobile, auditing transcript accuracy, or scaling outbound outreach, I’d love to explore whether this system can support your team.

Would you be open to a quick 15-minute call this week?

Looking forward to your thoughts.

Best regards,
Swatantra Shukla
Founder, NextGenGrowth
📧 swatantra@nextgengrowth.in
📱 +91 9532792303
🌐 https://nextgengrowth.in
🔗 https://www.linkedin.com/in/swatantra-shukla-aaa2a82bb/"
21,Testimonial.to,Marketing SaaS,https://testimonial.to,"Online businesses, course creators, and SaaS startups",https://www.linkedin.com/company/testimonialto,Yes,Bootstrapped,A video and text testimonial tool that collects customer reviews and displays them on a dedicated wall of love.,testimonial collection widgets and video reviews,"Testing wall of love widget embeds on various CMS templates (Webflow, Shopify).",Auditing and tagging video transcripts for search keywords.,Sourcing marketing leads and building outreach databases.,"Hi Testimonial.to Team,

I recently came across Testimonial.to and really liked what you're building in the SaaS space, especially around testimonial collection widgets and video reviews. Your 'Wall of Love' widget that aggregates text and video reviews in a beautiful masonry grid is incredibly clean.

As SaaS products scale, the real challenge is not just development — but continuously managing user feedback, onboarding optimization, data workflows, growth experiments, and creative + content execution.

I’m Swatantra Shukla, Founder of NextGenGrowth.

NextGenGrowth is a student-powered execution and creator platform where brands and startups can directly access trained student talent for real, outcome-driven work — all managed through a structured, secure workflow.

We help SaaS teams with:

• Product testing & QA (web apps, SaaS tools, mobile apps)
• User feedback collection & UX research
• Data cleaning, tagging & structuring
• Growth experiments & market research
• Lead generation & outbound support
• Content & creative execution for marketing campaigns
• Community & user acquisition via campus ambassador programs
• Competitor tracking & positioning insights
• Ongoing execution via student creators on real projects

Instead of hiring and managing scattered interns or freelancers, startups can plug into a single structured system where student creators apply, work, submit, and get paid through a secure project flow.

If Testimonial.to is currently focusing on testing widget embeds on CMS pages, auditing video transcripts, or compiling marketing databases, I’d love to explore whether this system can support your team.

Would you be open to a quick 15-minute call this week?

Looking forward to your thoughts.

Best regards,
Swatantra Shukla
Founder, NextGenGrowth
📧 swatantra@nextgengrowth.in
📱 +91 9532792303
🌐 https://nextgengrowth.in
🔗 https://www.linkedin.com/in/swatantra-shukla-aaa2a82bb/"
22,Taplio,Marketing SaaS,https://taplio.com,"Founders, content creators, and marketing managers",https://www.linkedin.com/company/taplio,Yes,Seed,"An all-in-one tool for LinkedIn creators to schedule posts, analyze performance, and engage with their audience.",social media management and LinkedIn content curation,Testing scheduler queue stability during API rate limit fluctuations.,Structuring and cleaning content libraries for curated post ideas.,Running outbound growth campaigns to source agencies and corporate teams.,"Hi Taplio Team,

I recently came across Taplio and really liked what you're building in the SaaS space, especially around social media management and LinkedIn content curation. Your AI-powered content suggestion queue and post scheduling capabilities are highly effective for building personal brands.

As SaaS products scale, the real challenge is not just development — but continuously managing user feedback, onboarding optimization, data workflows, growth experiments, and creative + content execution.

I’m Swatantra Shukla, Founder of NextGenGrowth.

NextGenGrowth is a student-powered execution and creator platform where brands and startups can directly access trained student talent for real, outcome-driven work — all managed through a structured, secure workflow.

We help SaaS teams with:

• Product testing & QA (web apps, SaaS tools, mobile apps)
• User feedback collection & UX research
• Data cleaning, tagging & structuring
• Growth experiments & market research
• Lead generation & outbound support
• Content & creative execution for marketing campaigns
• Community & user acquisition via campus ambassador programs
• Competitor tracking & positioning insights
• Ongoing execution via student creators on real projects

Instead of hiring and managing scattered interns or freelancers, startups can plug into a single structured system where student creators apply, work, submit, and get paid through a secure project flow.

If Taplio is currently focusing on testing scheduler API integrations, cleaning content library databases, or scaling outbound campaigns, I’d love to explore whether this system can support your team.

Would you be open to a quick 15-minute call this week?

Looking forward to your thoughts.

Best regards,
Swatantra Shukla
Founder, NextGenGrowth
📧 swatantra@nextgengrowth.in
📱 +91 9532792303
🌐 https://nextgengrowth.in
🔗 https://www.linkedin.com/in/swatantra-shukla-aaa2a82bb/"
23,TweetHunter,Marketing SaaS,https://tweethunter.io,"Creators, Twitter marketers, and business owners",https://www.linkedin.com/company/tweethunter,Yes,Seed,"A Twitter growth tool with scheduling, AI content suggestions, analytics, and CRM features.",Twitter growth and audience analytics,Testing thread scheduler APIs for browser compatibility.,Cleaning and tagging data sets of viral tweets for model updates.,Running user research to investigate dashboard onboarding drops.,"Hi TweetHunter Team,

I recently came across TweetHunter and really liked what you're building in the SaaS space, especially around Twitter growth and audience analytics. I saw how you help users schedule threads and locate viral content inspirations using AI analytics.

As SaaS products scale, the real challenge is not just development — but continuously managing user feedback, onboarding optimization, data workflows, growth experiments, and creative + content execution.

I’m Swatantra Shukla, Founder of NextGenGrowth.

NextGenGrowth is a student-powered execution and creator platform where brands and startups can directly access trained student talent for real, outcome-driven work — all managed through a structured, secure workflow.

We help SaaS teams with:

• Product testing & QA (web apps, SaaS tools, mobile apps)
• User feedback collection & UX research
• Data cleaning, tagging & structuring
• Growth experiments & market research
• Lead generation & outbound support
• Content & creative execution for marketing campaigns
• Community & user acquisition via campus ambassador programs
• Competitor tracking & positioning insights
• Ongoing execution via student creators on real projects

Instead of hiring and managing scattered interns or freelancers, startups can plug into a single structured system where student creators apply, work, submit, and get paid through a secure project flow.

If TweetHunter is currently focusing on testing post schedule interfaces, cleaning tweet database assets, or running user onboarding research, I’d love to explore whether this system can support your team.

Would you be open to a quick 15-minute call this week?

Looking forward to your thoughts.

Best regards,
Swatantra Shukla
Founder, NextGenGrowth
📧 swatantra@nextgengrowth.in
📱 +91 9532792303
🌐 https://nextgengrowth.in
🔗 https://www.linkedin.com/in/swatantra-shukla-aaa2a82bb/"
24,SurferSEO,Marketing SaaS,https://surferseo.com,"SEO specialists, copywriters, and content agencies",https://www.linkedin.com/company/surfer,Yes,Series A,An SEO content optimization tool that analyzes page content against top competitors to provide optimization guidelines.,SEO content optimization dashboards,Testing content editor UI elements for lagging or text cursor jumps.,Cleaning and tagging competitor keyword datasets to update content models.,Outbound outreach to acquire new digital marketing agencies.,"Hi SurferSEO Team,

I recently came across SurferSEO and really liked what you're building in the SaaS space, especially around SEO content optimization dashboards. Your content editor's real-time score metric and keyword density feedback loop are essential for copywriters.

As SaaS products scale, the real challenge is not just development — but continuously managing user feedback, onboarding optimization, data workflows, growth experiments, and creative + content execution.

I’m Swatantra Shukla, Founder of NextGenGrowth.

NextGenGrowth is a student-powered execution and creator platform where brands and startups can directly access trained student talent for real, outcome-driven work — all managed through a structured, secure workflow.

We help SaaS teams with:

• Product testing & QA (web apps, SaaS tools, mobile apps)
• User feedback collection & UX research
• Data cleaning, tagging & structuring
• Growth experiments & market research
• Lead generation & outbound support
• Content & creative execution for marketing campaigns
• Community & user acquisition via campus ambassador programs
• Competitor tracking & positioning insights
• Ongoing execution via student creators on real projects

Instead of hiring and managing scattered interns or freelancers, startups can plug into a single structured system where student creators apply, work, submit, and get paid through a secure project flow.

If SurferSEO is currently focusing on testing editor UI components, cleaning keyword datasets, or scaling outbound outreach campaigns, I’d love to explore whether this system can support your team.

Would you be open to a quick 15-minute call this week?

Looking forward to your thoughts.

Best regards,
Swatantra Shukla
Founder, NextGenGrowth
📧 swatantra@nextgengrowth.in
📱 +91 9532792303
🌐 https://nextgengrowth.in
🔗 https://www.linkedin.com/in/swatantra-shukla-aaa2a82bb/"
25,Figma,Marketing SaaS,https://figma.com,"UI/UX designers, product managers, and developers",https://www.linkedin.com/company/figma,Yes,Series E,"A collaborative web-based tool for interface design, wireframing, and interactive prototyping.",collaborative UI design and prototyping suites,Testing plugin marketplace installations for layout bugs.,Auditing and tagging design template libraries to ensure high-quality standards.,Running user research surveys to gather UI design student feedback.,"Hi Figma Team,

I recently came across Figma and really liked what you're building in the SaaS space, especially around collaborative UI design and prototyping suites. Your real-time collaborative canvas and dev mode features make bridging design to development incredibly smooth.

As SaaS products scale, the real challenge is not just development — but continuously managing user feedback, onboarding optimization, data workflows, growth experiments, and creative + content execution.

I’m Swatantra Shukla, Founder of NextGenGrowth.

NextGenGrowth is a student-powered execution and creator platform where brands and startups can directly access trained student talent for real, outcome-driven work — all managed through a structured, secure workflow.

We help SaaS teams with:

• Product testing & QA (web apps, SaaS tools, mobile apps)
• User feedback collection & UX research
• Data cleaning, tagging & structuring
• Growth experiments & market research
• Lead generation & outbound support
• Content & creative execution for marketing campaigns
• Community & user acquisition via campus ambassador programs
• Competitor tracking & positioning insights
• Ongoing execution via student creators on real projects

Instead of hiring and managing scattered interns or freelancers, startups can plug into a single structured system where student creators apply, work, submit, and get paid through a secure project flow.

If Figma is currently focusing on testing plugin installer flows, auditing design libraries, or running student user research, I’d love to explore whether this system can support your team.

Would you be open to a quick 15-minute call this week?

Looking forward to your thoughts.

Best regards,
Swatantra Shukla
Founder, NextGenGrowth
📧 swatantra@nextgengrowth.in
📱 +91 9532792303
🌐 https://nextgengrowth.in
🔗 https://www.linkedin.com/in/swatantra-shukla-aaa2a82bb/"
26,Klaviyo,Marketing SaaS,https://klaviyo.com,"Ecommerce marketers, brands, and agencies",https://www.linkedin.com/company/klaviyo,Yes,IPO,An email and SMS marketing automation platform designed specifically for ecommerce brands.,ecommerce email and SMS automation,Testing web template builder responsiveness on complex mobile displays.,Cleaning customer transaction databases to set up audience cohorts.,Executing market research to map competitor marketing software features.,"Hi Klaviyo Team,

I recently came across Klaviyo and really liked what you're building in the SaaS space, especially around ecommerce email and SMS automation. I really like how your flow builder automatically triggers SMS and email sequences based on shopper behavior.

As SaaS products scale, the real challenge is not just development — but continuously managing user feedback, onboarding optimization, data workflows, growth experiments, and creative + content execution.

I’m Swatantra Shukla, Founder of NextGenGrowth.

NextGenGrowth is a student-powered execution and creator platform where brands and startups can directly access trained student talent for real, outcome-driven work — all managed through a structured, secure workflow.

We help SaaS teams with:

• Product testing & QA (web apps, SaaS tools, mobile apps)
• User feedback collection & UX research
• Data cleaning, tagging & structuring
• Growth experiments & market research
• Lead generation & outbound support
• Content & creative execution for marketing campaigns
• Community & user acquisition via campus ambassador programs
• Competitor tracking & positioning insights
• Ongoing execution via student creators on real projects

Instead of hiring and managing scattered interns or freelancers, startups can plug into a single structured system where student creators apply, work, submit, and get paid through a secure project flow.

If Klaviyo is currently focusing on testing mobile template views, cleaning transaction databases, or executing competitor market research, I’d love to explore whether this system can support your team.

Would you be open to a quick 15-minute call this week?

Looking forward to your thoughts.

Best regards,
Swatantra Shukla
Founder, NextGenGrowth
📧 swatantra@nextgengrowth.in
📱 +91 9532792303
🌐 https://nextgengrowth.in
🔗 https://www.linkedin.com/in/swatantra-shukla-aaa2a82bb/"
27,ConvertKit,Marketing SaaS,https://convertkit.com,"Bloggers, podcasters, and online creators",https://www.linkedin.com/company/convertkit,Yes,Series A,An email marketing platform built for professional creators with subscription forms and automated funnels.,creator email marketing and subscriber automation,Testing user dashboard analytics displays for loading speed and bugs.,Cleaning subscriber databases to flag cold emails and improve bounce rates.,Coordinating creator campus programs to acquire student writers.,"Hi ConvertKit Team,

I recently came across ConvertKit and really liked what you're building in the SaaS space, especially around creator email marketing and subscriber automation. I love how your creator network allows writers to recommend other newsletters and grow their subscriber base.

As SaaS products scale, the real challenge is not just development — but continuously managing user feedback, onboarding optimization, data workflows, growth experiments, and creative + content execution.

I’m Swatantra Shukla, Founder of NextGenGrowth.

NextGenGrowth is a student-powered execution and creator platform where brands and startups can directly access trained student talent for real, outcome-driven work — all managed through a structured, secure workflow.

We help SaaS teams with:

• Product testing & QA (web apps, SaaS tools, mobile apps)
• User feedback collection & UX research
• Data cleaning, tagging & structuring
• Growth experiments & market research
• Lead generation & outbound support
• Content & creative execution for marketing campaigns
• Community & user acquisition via campus ambassador programs
• Competitor tracking & positioning insights
• Ongoing execution via student creators on real projects

Instead of hiring and managing scattered interns or freelancers, startups can plug into a single structured system where student creators apply, work, submit, and get paid through a secure project flow.

If ConvertKit is currently focusing on testing analytics dashboards, cleaning subscriber lists, or organizing creator campus programs, I’d love to explore whether this system can support your team.

Would you be open to a quick 15-minute call this week?

Looking forward to your thoughts.

Best regards,
Swatantra Shukla
Founder, NextGenGrowth
📧 swatantra@nextgengrowth.in
📱 +91 9532792303
🌐 https://nextgengrowth.in
🔗 https://www.linkedin.com/in/swatantra-shukla-aaa2a82bb/"
28,Buffer,Marketing SaaS,https://buffer.com,"Small businesses, creators, and social media managers",https://www.linkedin.com/company/buffer-hq,Yes,Series A,"A social media scheduler and dashboard that helps teams schedule posts, analyze results, and engage with users.",social media scheduling and curation tools,Testing image uploading and scaling across social APIs.,Auditing user analytics databases to clean up integration anomalies.,Outbound marketing to acquire agencies and growing brands.,"Hi Buffer Team,

I recently came across Buffer and really liked what you're building in the SaaS space, especially around social media scheduling and curation tools. I really like your clean interface and queue composer that make planning social calendars very intuitive.

As SaaS products scale, the real challenge is not just development — but continuously managing user feedback, onboarding optimization, data workflows, growth experiments, and creative + content execution.

I’m Swatantra Shukla, Founder of NextGenGrowth.

NextGenGrowth is a student-powered execution and creator platform where brands and startups can directly access trained student talent for real, outcome-driven work — all managed through a structured, secure workflow.

We help SaaS teams with:

• Product testing & QA (web apps, SaaS tools, mobile apps)
• User feedback collection & UX research
• Data cleaning, tagging & structuring
• Growth experiments & market research
• Lead generation & outbound support
• Content & creative execution for marketing campaigns
• Community & user acquisition via campus ambassador programs
• Competitor tracking & positioning insights
• Ongoing execution via student creators on real projects

Instead of hiring and managing scattered interns or freelancers, startups can plug into a single structured system where student creators apply, work, submit, and get paid through a secure project flow.

If Buffer is currently focusing on testing image upload APIs, auditing database records, or scaling agency outbound marketing, I’d love to explore whether this system can support your team.

Would you be open to a quick 15-minute call this week?

Looking forward to your thoughts.

Best regards,
Swatantra Shukla
Founder, NextGenGrowth
📧 swatantra@nextgengrowth.in
📱 +91 9532792303
🌐 https://nextgengrowth.in
🔗 https://www.linkedin.com/in/swatantra-shukla-aaa2a82bb/"
29,Unbounce,Marketing SaaS,https://unbounce.com,"Conversion marketers, agencies, and SaaS growth teams",https://www.linkedin.com/company/unbounce,Yes,Series B,"A drag-and-drop landing page builder that helps companies build, publish, and test high-converting web pages.",landing page builders and conversion optimization,Testing page builder UI elements for drag-and-drop glitches.,Auditing template layouts to check for mobile page load speed.,Sourcing marketing leads and building custom outreach databases.,"Hi Unbounce Team,

I recently came across Unbounce and really liked what you're building in the SaaS space, especially around landing page builders and conversion optimization. I saw how your Smart Builder uses AI to recommend page layouts based on target audience profiles.

As SaaS products scale, the real challenge is not just development — but continuously managing user feedback, onboarding optimization, data workflows, growth experiments, and creative + content execution.

I’m Swatantra Shukla, Founder of NextGenGrowth.

NextGenGrowth is a student-powered execution and creator platform where brands and startups can directly access trained student talent for real, outcome-driven work — all managed through a structured, secure workflow.

We help SaaS teams with:

• Product testing & QA (web apps, SaaS tools, mobile apps)
• User feedback collection & UX research
• Data cleaning, tagging & structuring
• Growth experiments & market research
• Lead generation & outbound support
• Content & creative execution for marketing campaigns
• Community & user acquisition via campus ambassador programs
• Competitor tracking & positioning insights
• Ongoing execution via student creators on real projects

Instead of hiring and managing scattered interns or freelancers, startups can plug into a single structured system where student creators apply, work, submit, and get paid through a secure project flow.

If Unbounce is currently focusing on testing page builder layouts, auditing page load speeds, or building lead databases, I’d love to explore whether this system can support your team.

Would you be open to a quick 15-minute call this week?

Looking forward to your thoughts.

Best regards,
Swatantra Shukla
Founder, NextGenGrowth
📧 swatantra@nextgengrowth.in
📱 +91 9532792303
🌐 https://nextgengrowth.in
🔗 https://www.linkedin.com/in/swatantra-shukla-aaa2a82bb/"
30,Leadpages,Marketing SaaS,https://leadpages.com,"Small businesses, coaches, and local service providers",https://www.linkedin.com/company/leadpages,Yes,Series B,A landing page and website builder that helps businesses capture leads and drive online sales.,lead generation landing pages and web forms,Testing form integrations on diverse mobile browsers.,Cleaning and tag-enriching template designs in the builder.,Outbound outreach to acquire small business owners and creators.,"Hi Leadpages Team,

I recently came across Leadpages and really liked what you're building in the SaaS space, especially around lead generation landing pages and web forms. Your pop-up forms and alert bars that easily integrate with any CMS to capture leads are highly effective.

As SaaS products scale, the real challenge is not just development — but continuously managing user feedback, onboarding optimization, data workflows, growth experiments, and creative + content execution.

I’m Swatantra Shukla, Founder of NextGenGrowth.

NextGenGrowth is a student-powered execution and creator platform where brands and startups can directly access trained student talent for real, outcome-driven work — all managed through a structured, secure workflow.

We help SaaS teams with:

• Product testing & QA (web apps, SaaS tools, mobile apps)
• User feedback collection & UX research
• Data cleaning, tagging & structuring
• Growth experiments & market research
• Lead generation & outbound support
• Content & creative execution for marketing campaigns
• Community & user acquisition via campus ambassador programs
• Competitor tracking & positioning insights
• Ongoing execution via student creators on real projects

Instead of hiring and managing scattered interns or freelancers, startups can plug into a single structured system where student creators apply, work, submit, and get paid through a secure project flow.

If Leadpages is currently focusing on testing web form integrations, cleaning templates, or driving outbound creator outreach, I’d love to explore whether this system can support your team.

Would you be open to a quick 15-minute call this week?

Looking forward to your thoughts.

Best regards,
Swatantra Shukla
Founder, NextGenGrowth
📧 swatantra@nextgengrowth.in
📱 +91 9532792303
🌐 https://nextgengrowth.in
🔗 https://www.linkedin.com/in/swatantra-shukla-aaa2a82bb/"
31,Ashby,HR/Recruitment SaaS,https://ashbyhq.com,"HR managers, talent acquisition teams, and recruiters",https://www.linkedin.com/company/ashbyhq,Yes,Series B,"An all-in-one recruiting platform that combines applicant tracking, scheduling, and recruiting analytics.",applicant tracking systems and recruiting analytics,Testing scheduling calendar synchronization across various email client apps.,Data cleaning and tag restructuring of candidate resume files.,Executing market research to verify competitive recruitment software pricing.,"Hi Ashby Team,

I recently came across Ashby and really liked what you're building in the SaaS space, especially around applicant tracking systems and recruiting analytics. I really like how your customizable dashboard compiles deep data on sourcing speed and pipeline bottlenecks.

As SaaS products scale, the real challenge is not just development — but continuously managing user feedback, onboarding optimization, data workflows, growth experiments, and creative + content execution.

I’m Swatantra Shukla, Founder of NextGenGrowth.

NextGenGrowth is a student-powered execution and creator platform where brands and startups can directly access trained student talent for real, outcome-driven work — all managed through a structured, secure workflow.

We help SaaS teams with:

• Product testing & QA (web apps, SaaS tools, mobile apps)
• User feedback collection & UX research
• Data cleaning, tagging & structuring
• Growth experiments & market research
• Lead generation & outbound support
• Content & creative execution for marketing campaigns
• Community & user acquisition via campus ambassador programs
• Competitor tracking & positioning insights
• Ongoing execution via student creators on real projects

Instead of hiring and managing scattered interns or freelancers, startups can plug into a single structured system where student creators apply, work, submit, and get paid through a secure project flow.

If Ashby is currently focusing on testing calendar integrations, cleaning candidate databases, or conducting recruitment market research, I’d love to explore whether this system can support your team.

Would you be open to a quick 15-minute call this week?

Looking forward to your thoughts.

Best regards,
Swatantra Shukla
Founder, NextGenGrowth
📧 swatantra@nextgengrowth.in
📱 +91 9532792303
🌐 https://nextgengrowth.in
🔗 https://www.linkedin.com/in/swatantra-shukla-aaa2a82bb/"
32,Greenhouse,HR/Recruitment SaaS,https://greenhouse.com,"Enterprise recruitment teams, HR leads, and talent officers",https://www.linkedin.com/company/greenhouse-software,Yes,Series D,An enterprise-grade hiring software that helps companies design structured recruitment processes and track applicants.,structured recruitment and applicant tracking systems,Testing enterprise API data integrations with third-party software tools.,Auditing candidate databases to clean up duplicates and obsolete profiles.,Running user research interviews to optimize candidate submission dashboards.,"Hi Greenhouse Team,

I recently came across Greenhouse and really liked what you're building in the SaaS space, especially around structured recruitment and applicant tracking systems. Your structured hiring framework that helps interviewers score candidates consistently against predefined criteria is excellent.

As SaaS products scale, the real challenge is not just development — but continuously managing user feedback, onboarding optimization, data workflows, growth experiments, and creative + content execution.

I’m Swatantra Shukla, Founder of NextGenGrowth.

NextGenGrowth is a student-powered execution and creator platform where brands and startups can directly access trained student talent for real, outcome-driven work — all managed through a structured, secure workflow.

We help SaaS teams with:

• Product testing & QA (web apps, SaaS tools, mobile apps)
• User feedback collection & UX research
• Data cleaning, tagging & structuring
• Growth experiments & market research
• Lead generation & outbound support
• Content & creative execution for marketing campaigns
• Community & user acquisition via campus ambassador programs
• Competitor tracking & positioning insights
• Ongoing execution via student creators on real projects

Instead of hiring and managing scattered interns or freelancers, startups can plug into a single structured system where student creators apply, work, submit, and get paid through a secure project flow.

If Greenhouse is currently focusing on testing enterprise API integrations, cleaning candidate records, or conducting candidate UX interviews, I’d love to explore whether this system can support your team.

Would you be open to a quick 15-minute call this week?

Looking forward to your thoughts.

Best regards,
Swatantra Shukla
Founder, NextGenGrowth
📧 swatantra@nextgengrowth.in
📱 +91 9532792303
🌐 https://nextgengrowth.in
🔗 https://www.linkedin.com/in/swatantra-shukla-aaa2a82bb/"
33,Lever,HR/Recruitment SaaS,https://lever.co,"Tech companies, scaling startups, and talent partners",https://www.linkedin.com/company/lever,Yes,Series D,A collaborative ATS and candidate relationship management platform that helps teams source and build candidate pipelines.,collaborative ATS and candidate relationship management,Testing extension plugins on different browser configurations.,Cleaning resume files and tagging career records for talent pools.,Outbound outreach to connect with recruitment agencies globally.,"Hi Lever Team,

I recently came across Lever and really liked what you're building in the SaaS space, especially around collaborative ATS and candidate relationship management. I noticed how your collaborative interface allows recruiters and hiring managers to coordinate candidate evaluations smoothly.

As SaaS products scale, the real challenge is not just development — but continuously managing user feedback, onboarding optimization, data workflows, growth experiments, and creative + content execution.

I’m Swatantra Shukla, Founder of NextGenGrowth.

NextGenGrowth is a student-powered execution and creator platform where brands and startups can directly access trained student talent for real, outcome-driven work — all managed through a structured, secure workflow.

We help SaaS teams with:

• Product testing & QA (web apps, SaaS tools, mobile apps)
• User feedback collection & UX research
• Data cleaning, tagging & structuring
• Growth experiments & market research
• Lead generation & outbound support
• Content & creative execution for marketing campaigns
• Community & user acquisition via campus ambassador programs
• Competitor tracking & positioning insights
• Ongoing execution via student creators on real projects

Instead of hiring and managing scattered interns or freelancers, startups can plug into a single structured system where student creators apply, work, submit, and get paid through a secure project flow.

If Lever is currently focusing on testing browser extensions, cleaning talent databases, or driving agency outbound outreach, I’d love to explore whether this system can support your team.

Would you be open to a quick 15-minute call this week?

Looking forward to your thoughts.

Best regards,
Swatantra Shukla
Founder, NextGenGrowth
📧 swatantra@nextgengrowth.in
📱 +91 9532792303
🌐 https://nextgengrowth.in
🔗 https://www.linkedin.com/in/swatantra-shukla-aaa2a82bb/"
34,Kula,HR/Recruitment SaaS,https://kula.ai,"Recruitment teams, talent sourcers, and founders",https://www.linkedin.com/company/kulaai,Yes,Seed,A talent sourcing automation platform that connects with employee networks to source candidates.,automated talent sourcing and candidate messaging,Testing email sequencing APIs for browser compatibility.,Cleaning and validating prospect email lists for accuracy.,Running outbound growth campaigns to source enterprise HR clients.,"Hi Kula Team,

I recently came across Kula and really liked what you're building in the SaaS space, especially around automated talent sourcing and candidate messaging. Your network mapping tools that let recruiters request warm referrals from employees are highly innovative.

As SaaS products scale, the real challenge is not just development — but continuously managing user feedback, onboarding optimization, data workflows, growth experiments, and creative + content execution.

I’m Swatantra Shukla, Founder of NextGenGrowth.

NextGenGrowth is a student-powered execution and creator platform where brands and startups can directly access trained student talent for real, outcome-driven work — all managed through a structured, secure workflow.

We help SaaS teams with:

• Product testing & QA (web apps, SaaS tools, mobile apps)
• User feedback collection & UX research
• Data cleaning, tagging & structuring
• Growth experiments & market research
• Lead generation & outbound support
• Content & creative execution for marketing campaigns
• Community & user acquisition via campus ambassador programs
• Competitor tracking & positioning insights
• Ongoing execution via student creators on real projects

Instead of hiring and managing scattered interns or freelancers, startups can plug into a single structured system where student creators apply, work, submit, and get paid through a secure project flow.

If Kula is currently focusing on testing outbound email APIs, cleaning prospect databases, or driving enterprise sales leads, I’d love to explore whether this system can support your team.

Would you be open to a quick 15-minute call this week?

Looking forward to your thoughts.

Best regards,
Swatantra Shukla
Founder, NextGenGrowth
📧 swatantra@nextgengrowth.in
📱 +91 9532792303
🌐 https://nextgengrowth.in
🔗 https://www.linkedin.com/in/swatantra-shukla-aaa2a82bb/"
35,Gem,HR/Recruitment SaaS,https://gem.com,"Talent leaders, recruiters, and executive search teams",https://www.linkedin.com/company/gemhq,Yes,Series C,A recruiting platform that integrates with email and LinkedIn to automate outreach and track candidate relationships.,candidate pipeline and outreach CRM solutions,Testing browser extension overlays on updated LinkedIn layouts.,Cleaning and enriching email address datasets for sourcing.,Running user research to understand recruiter tool onboarding drop points.,"Hi Gem Team,

I recently came across Gem and really liked what you're building in the SaaS space, especially around candidate pipeline and outreach CRM solutions. I love how your browser extension overlays CRM actions directly onto LinkedIn profiles for simple sourcing.

As SaaS products scale, the real challenge is not just development — but continuously managing user feedback, onboarding optimization, data workflows, growth experiments, and creative + content execution.

I’m Swatantra Shukla, Founder of NextGenGrowth.

NextGenGrowth is a student-powered execution and creator platform where brands and startups can directly access trained student talent for real, outcome-driven work — all managed through a structured, secure workflow.

We help SaaS teams with:

• Product testing & QA (web apps, SaaS tools, mobile apps)
• User feedback collection & UX research
• Data cleaning, tagging & structuring
• Growth experiments & market research
• Lead generation & outbound support
• Content & creative execution for marketing campaigns
• Community & user acquisition via campus ambassador programs
• Competitor tracking & positioning insights
• Ongoing execution via student creators on real projects

Instead of hiring and managing scattered interns or freelancers, startups can plug into a single structured system where student creators apply, work, submit, and get paid through a secure project flow.

If Gem is currently focusing on testing browser extensions, enriching candidate databases, or running user onboarding research, I’d love to explore whether this system can support your team.

Would you be open to a quick 15-minute call this week?

Looking forward to your thoughts.

Best regards,
Swatantra Shukla
Founder, NextGenGrowth
📧 swatantra@nextgengrowth.in
📱 +91 9532792303
🌐 https://nextgengrowth.in
🔗 https://www.linkedin.com/in/swatantra-shukla-aaa2a82bb/"
36,Deel,HR/Recruitment SaaS,https://deel.com,"Global companies, remote startups, and HR departments",https://www.linkedin.com/company/deel,Yes,Series D,"A global payroll, compliance, and contractor management platform for hiring remote workers worldwide.",global compliance and contractor payroll services,Testing passport/document verification tools on different smartphone cameras.,Cleaning country tax form databases to update legal documents.,Running UX user research surveys with remote contractor teams.,"Hi Deel Team,

I recently came across Deel and really liked what you're building in the SaaS space, especially around global compliance and contractor payroll services. I saw how you simplify compliance by automatically drafting localized contracts for contractors globally.

As SaaS products scale, the real challenge is not just development — but continuously managing user feedback, onboarding optimization, data workflows, growth experiments, and creative + content execution.

I’m Swatantra Shukla, Founder of NextGenGrowth.

NextGenGrowth is a student-powered execution and creator platform where brands and startups can directly access trained student talent for real, outcome-driven work — all managed through a structured, secure workflow.

We help SaaS teams with:

• Product testing & QA (web apps, SaaS tools, mobile apps)
• User feedback collection & UX research
• Data cleaning, tagging & structuring
• Growth experiments & market research
• Lead generation & outbound support
• Content & creative execution for marketing campaigns
• Community & user acquisition via campus ambassador programs
• Competitor tracking & positioning insights
• Ongoing execution via student creators on real projects

Instead of hiring and managing scattered interns or freelancers, startups can plug into a single structured system where student creators apply, work, submit, and get paid through a secure project flow.

If Deel is currently focusing on testing document validation tools, cleaning compliance databases, or conducting worker UX research, I’d love to explore whether this system can support your team.

Would you be open to a quick 15-minute call this week?

Looking forward to your thoughts.

Best regards,
Swatantra Shukla
Founder, NextGenGrowth
📧 swatantra@nextgengrowth.in
📱 +91 9532792303
🌐 https://nextgengrowth.in
🔗 https://www.linkedin.com/in/swatantra-shukla-aaa2a82bb/"
37,Rippling,HR/Recruitment SaaS,https://rippling.com,"HR managers, IT administrators, and finance leads",https://www.linkedin.com/company/rippling,Yes,Series F,"A unified workforce platform that manages employee HR, IT, hardware, software, and payroll systems.","payroll, benefits, and device management systems",Testing hardware status indicators on the user dashboard interface.,Auditing and structuring global software license datasets.,Running user feedback surveys with corporate IT managers.,"Hi Rippling Team,

I recently came across Rippling and really liked what you're building in the SaaS space, especially around payroll, benefits, and device management systems. Your ability to automatically provision software licenses and ship laptops to new remote hires is extremely impressive.

As SaaS products scale, the real challenge is not just development — but continuously managing user feedback, onboarding optimization, data workflows, growth experiments, and creative + content execution.

I’m Swatantra Shukla, Founder of NextGenGrowth.

NextGenGrowth is a student-powered execution and creator platform where brands and startups can directly access trained student talent for real, outcome-driven work — all managed through a structured, secure workflow.

We help SaaS teams with:

• Product testing & QA (web apps, SaaS tools, mobile apps)
• User feedback collection & UX research
• Data cleaning, tagging & structuring
• Growth experiments & market research
• Lead generation & outbound support
• Content & creative execution for marketing campaigns
• Community & user acquisition via campus ambassador programs
• Competitor tracking & positioning insights
• Ongoing execution via student creators on real projects

Instead of hiring and managing scattered interns or freelancers, startups can plug into a single structured system where student creators apply, work, submit, and get paid through a secure project flow.

If Rippling is currently focusing on testing dashboard status components, auditing license databases, or running IT user feedback surveys, I’d love to explore whether this system can support your team.

Would you be open to a quick 15-minute call this week?

Looking forward to your thoughts.

Best regards,
Swatantra Shukla
Founder, NextGenGrowth
📧 swatantra@nextgengrowth.in
📱 +91 9532792303
🌐 https://nextgengrowth.in
🔗 https://www.linkedin.com/in/swatantra-shukla-aaa2a82bb/"
38,Oyster,HR/Recruitment SaaS,https://oysterhr.com,"Remote companies, HR directors, and startup founders",https://www.linkedin.com/company/oysterhr,Yes,Series C,"A global employment platform that manages local hiring, payroll, benefits, and compliance for remote workers.",global employment and remote contractor payroll,Testing salary calculator UI scripts for currency display errors.,Cleaning and tag-enriching contract templates for different countries.,Running outbound growth campaigns to source tech startups.,"Hi Oyster Team,

I recently came across Oyster and really liked what you're building in the SaaS space, especially around global employment and remote contractor payroll. I really like your cost calculator that lets companies estimate global salary costs including local taxes.

As SaaS products scale, the real challenge is not just development — but continuously managing user feedback, onboarding optimization, data workflows, growth experiments, and creative + content execution.

I’m Swatantra Shukla, Founder of NextGenGrowth.

NextGenGrowth is a student-powered execution and creator platform where brands and startups can directly access trained student talent for real, outcome-driven work — all managed through a structured, secure workflow.

We help SaaS teams with:

• Product testing & QA (web apps, SaaS tools, mobile apps)
• User feedback collection & UX research
• Data cleaning, tagging & structuring
• Growth experiments & market research
• Lead generation & outbound support
• Content & creative execution for marketing campaigns
• Community & user acquisition via campus ambassador programs
• Competitor tracking & positioning insights
• Ongoing execution via student creators on real projects

Instead of hiring and managing scattered interns or freelancers, startups can plug into a single structured system where student creators apply, work, submit, and get paid through a secure project flow.

If Oyster is currently focusing on testing cost calculator scripts, cleaning contract templates, or running tech startup outbound campaigns, I’d love to explore whether this system can support your team.

Would you be open to a quick 15-minute call this week?

Looking forward to your thoughts.

Best regards,
Swatantra Shukla
Founder, NextGenGrowth
📧 swatantra@nextgengrowth.in
📱 +91 9532792303
🌐 https://nextgengrowth.in
🔗 https://www.linkedin.com/in/swatantra-shukla-aaa2a82bb/"
39,Multiplier,HR/Recruitment SaaS,https://usemultiplier.com,"HR heads, remote founders, and legal teams",https://www.linkedin.com/company/usemultiplier,Yes,Series B,An employer of record platform that enables companies to hire international talent legally without setting up entities.,global employment and local entity management,Testing expense claims submission widgets on mobile browsers.,Cleaning global employee data files for billing reports.,Sourcing marketing leads and building custom outreach databases.,"Hi Multiplier Team,

I recently came across Multiplier and really liked what you're building in the SaaS space, especially around global employment and local entity management. Your dashboard that unifies global payroll, benefits, and expense claims into one invoice is incredibly clean.

As SaaS products scale, the real challenge is not just development — but continuously managing user feedback, onboarding optimization, data workflows, growth experiments, and creative + content execution.

I’m Swatantra Shukla, Founder of NextGenGrowth.

NextGenGrowth is a student-powered execution and creator platform where brands and startups can directly access trained student talent for real, outcome-driven work — all managed through a structured, secure workflow.

We help SaaS teams with:

• Product testing & QA (web apps, SaaS tools, mobile apps)
• User feedback collection & UX research
• Data cleaning, tagging & structuring
• Growth experiments & market research
• Lead generation & outbound support
• Content & creative execution for marketing campaigns
• Community & user acquisition via campus ambassador programs
• Competitor tracking & positioning insights
• Ongoing execution via student creators on real projects

Instead of hiring and managing scattered interns or freelancers, startups can plug into a single structured system where student creators apply, work, submit, and get paid through a secure project flow.

If Multiplier is currently focusing on testing mobile expense widgets, cleaning billing database files, or building custom outreach databases, I’d love to explore whether this system can support your team.

Would you be open to a quick 15-minute call this week?

Looking forward to your thoughts.

Best regards,
Swatantra Shukla
Founder, NextGenGrowth
📧 swatantra@nextgengrowth.in
📱 +91 9532792303
🌐 https://nextgengrowth.in
🔗 https://www.linkedin.com/in/swatantra-shukla-aaa2a82bb/"
40,Gusto,HR/Recruitment SaaS,https://gusto.com,"Small business owners, HR managers, and accountants",https://www.linkedin.com/company/gusto,Yes,Series E,"An HR and payroll platform that handles small business payroll, health benefits, and team management.",small business payroll and employee benefits,Testing tax filing PDF export layouts for alignment bugs.,Auditing employee onboarding workflow logs for data mismatches.,Gathering product feedback from small business owners.,"Hi Gusto Team,

I recently came across Gusto and really liked what you're building in the SaaS space, especially around small business payroll and employee benefits. Your automated tax filing and payroll workflows that make running monthly payroll completely stress-free are wonderful.

As SaaS products scale, the real challenge is not just development — but continuously managing user feedback, onboarding optimization, data workflows, growth experiments, and creative + content execution.

I’m Swatantra Shukla, Founder of NextGenGrowth.

NextGenGrowth is a student-powered execution and creator platform where brands and startups can directly access trained student talent for real, outcome-driven work — all managed through a structured, secure workflow.

We help SaaS teams with:

• Product testing & QA (web apps, SaaS tools, mobile apps)
• User feedback collection & UX research
• Data cleaning, tagging & structuring
• Growth experiments & market research
• Lead generation & outbound support
• Content & creative execution for marketing campaigns
• Community & user acquisition via campus ambassador programs
• Competitor tracking & positioning insights
• Ongoing execution via student creators on real projects

Instead of hiring and managing scattered interns or freelancers, startups can plug into a single structured system where student creators apply, work, submit, and get paid through a secure project flow.

If Gusto is currently focusing on testing PDF export alignment, auditing onboarding logs, or gathering SMB user feedback, I’d love to explore whether this system can support your team.

Would you be open to a quick 15-minute call this week?

Looking forward to your thoughts.

Best regards,
Swatantra Shukla
Founder, NextGenGrowth
📧 swatantra@nextgengrowth.in
📱 +91 9532792303
🌐 https://nextgengrowth.in
🔗 https://www.linkedin.com/in/swatantra-shukla-aaa2a82bb/"
41,BambooHR,HR/Recruitment SaaS,https://bamboohr.com,"HR departments, office managers, and team leads",https://www.linkedin.com/company/bamboohr,Yes,Series C,"An HR software platform providing employee databases, time tracking, applicant tracking, and performance reviews.",employee data management and HR analytics,Testing leave calendar widget styling across mobile devices.,Auditing and cleaning customer data import logs.,Outbound outreach to connect with mid-market businesses.,"Hi BambooHR Team,

I recently came across BambooHR and really liked what you're building in the SaaS space, especially around employee data management and HR analytics. I noticed how your employee self-serve portal makes requesting time-off and accessing documents simple for team members.

As SaaS products scale, the real challenge is not just development — but continuously managing user feedback, onboarding optimization, data workflows, growth experiments, and creative + content execution.

I’m Swatantra Shukla, Founder of NextGenGrowth.

NextGenGrowth is a student-powered execution and creator platform where brands and startups can directly access trained student talent for real, outcome-driven work — all managed through a structured, secure workflow.

We help SaaS teams with:

• Product testing & QA (web apps, SaaS tools, mobile apps)
• User feedback collection & UX research
• Data cleaning, tagging & structuring
• Growth experiments & market research
• Lead generation & outbound support
• Content & creative execution for marketing campaigns
• Community & user acquisition via campus ambassador programs
• Competitor tracking & positioning insights
• Ongoing execution via student creators on real projects

Instead of hiring and managing scattered interns or freelancers, startups can plug into a single structured system where student creators apply, work, submit, and get paid through a secure project flow.

If BambooHR is currently focusing on testing mobile calendar widgets, auditing import data logs, or scaling business outbound outreach, I’d love to explore whether this system can support your team.

Would you be open to a quick 15-minute call this week?

Looking forward to your thoughts.

Best regards,
Swatantra Shukla
Founder, NextGenGrowth
📧 swatantra@nextgengrowth.in
📱 +91 9532792303
🌐 https://nextgengrowth.in
🔗 https://www.linkedin.com/in/swatantra-shukla-aaa2a82bb/"
42,Remote.com,HR/Recruitment SaaS,https://remote.com,"Fast-growing startups, HR managers, and remote workers",https://www.linkedin.com/company/remote-com,Yes,Series C,"An employer of record and global contractor platform that handles local payroll, taxes, and compliance.",global Employer of Record and local compliance,Testing contractor ID verification tools on mobile layouts.,Cleaning global tax databases to update legal documents.,Running user research with remote developers.,"Hi Remote.com Team,

I recently came across Remote.com and really liked what you're building in the SaaS space, especially around global Employer of Record and local compliance. Your IP guard service which guarantees international IP and patent protection for remote employees is extremely valuable.

As SaaS products scale, the real challenge is not just development — but continuously managing user feedback, onboarding optimization, data workflows, growth experiments, and creative + content execution.

I’m Swatantra Shukla, Founder of NextGenGrowth.

NextGenGrowth is a student-powered execution and creator platform where brands and startups can directly access trained student talent for real, outcome-driven work — all managed through a structured, secure workflow.

We help SaaS teams with:

• Product testing & QA (web apps, SaaS tools, mobile apps)
• User feedback collection & UX research
• Data cleaning, tagging & structuring
• Growth experiments & market research
• Lead generation & outbound support
• Content & creative execution for marketing campaigns
• Community & user acquisition via campus ambassador programs
• Competitor tracking & positioning insights
• Ongoing execution via student creators on real projects

Instead of hiring and managing scattered interns or freelancers, startups can plug into a single structured system where student creators apply, work, submit, and get paid through a secure project flow.

If Remote.com is currently focusing on testing mobile ID validation tools, cleaning compliance tax databases, or conducting developer UX research, I’d love to explore whether this system can support your team.

Would you be open to a quick 15-minute call this week?

Looking forward to your thoughts.

Best regards,
Swatantra Shukla
Founder, NextGenGrowth
📧 swatantra@nextgengrowth.in
📱 +91 9532792303
🌐 https://nextgengrowth.in
🔗 https://www.linkedin.com/in/swatantra-shukla-aaa2a82bb/"
43,Lattice,HR/Recruitment SaaS,https://lattice.com,"HR leaders, team managers, and executive teams",https://www.linkedin.com/company/latticehr,Yes,Series F,"A people management platform that helps companies manage performance reviews, OKRs, 1-on-1s, and surveys.",performance reviews and employee goal tracking,Testing survey builder drag-and-drop components for web bugs.,Cleaning and tag-structuring employee performance log records.,Running outbound growth campaigns to connect with scaling tech startups.,"Hi Lattice Team,

I recently came across Lattice and really liked what you're building in the SaaS space, especially around performance reviews and employee goal tracking. I saw how your OKR mapping helps team members align their daily tasks with global company objectives.

As SaaS products scale, the real challenge is not just development — but continuously managing user feedback, onboarding optimization, data workflows, growth experiments, and creative + content execution.

I’m Swatantra Shukla, Founder of NextGenGrowth.

NextGenGrowth is a student-powered execution and creator platform where brands and startups can directly access trained student talent for real, outcome-driven work — all managed through a structured, secure workflow.

We help SaaS teams with:

• Product testing & QA (web apps, SaaS tools, mobile apps)
• User feedback collection & UX research
• Data cleaning, tagging & structuring
• Growth experiments & market research
• Lead generation & outbound support
• Content & creative execution for marketing campaigns
• Community & user acquisition via campus ambassador programs
• Competitor tracking & positioning insights
• Ongoing execution via student creators on real projects

Instead of hiring and managing scattered interns or freelancers, startups can plug into a single structured system where student creators apply, work, submit, and get paid through a secure project flow.

If Lattice is currently focusing on testing survey builder interfaces, structuring performance databases, or driving tech startup leads, I’d love to explore whether this system can support your team.

Would you be open to a quick 15-minute call this week?

Looking forward to your thoughts.

Best regards,
Swatantra Shukla
Founder, NextGenGrowth
📧 swatantra@nextgengrowth.in
📱 +91 9532792303
🌐 https://nextgengrowth.in
🔗 https://www.linkedin.com/in/swatantra-shukla-aaa2a82bb/"
44,Culture Amp,HR/Recruitment SaaS,https://cultureamp.com,"People teams, HR executives, and CEO offices",https://www.linkedin.com/company/cultureamp,Yes,Series F,"An employee experience platform that collects employee feedback, surveys, and performance insights.",employee experience surveys and people analytics,Testing survey dashboard charts for responsive rendering on tablets.,Cleaning and restructuring survey feedback databases.,Conducting market research on competitor HR analytics features.,"Hi Culture Amp Team,

I recently came across Culture Amp and really liked what you're building in the SaaS space, especially around employee experience surveys and people analytics. Your science-backed employee feedback surveys and dashboard analysis of team sentiment are excellent tools.

As SaaS products scale, the real challenge is not just development — but continuously managing user feedback, onboarding optimization, data workflows, growth experiments, and creative + content execution.

I’m Swatantra Shukla, Founder of NextGenGrowth.

NextGenGrowth is a student-powered execution and creator platform where brands and startups can directly access trained student talent for real, outcome-driven work — all managed through a structured, secure workflow.

We help SaaS teams with:

• Product testing & QA (web apps, SaaS tools, mobile apps)
• User feedback collection & UX research
• Data cleaning, tagging & structuring
• Growth experiments & market research
• Lead generation & outbound support
• Content & creative execution for marketing campaigns
• Community & user acquisition via campus ambassador programs
• Competitor tracking & positioning insights
• Ongoing execution via student creators on real projects

Instead of hiring and managing scattered interns or freelancers, startups can plug into a single structured system where student creators apply, work, submit, and get paid through a secure project flow.

If Culture Amp is currently focusing on testing chart dashboard rendering, cleaning survey databases, or executing competitor market research, I’d love to explore whether this system can support your team.

Would you be open to a quick 15-minute call this week?

Looking forward to your thoughts.

Best regards,
Swatantra Shukla
Founder, NextGenGrowth
📧 swatantra@nextgengrowth.in
📱 +91 9532792303
🌐 https://nextgengrowth.in
🔗 https://www.linkedin.com/in/swatantra-shukla-aaa2a82bb/"
45,15Five,HR/Recruitment SaaS,https://15five.com,"Managers, HR directors, and high-performance companies",https://www.linkedin.com/company/15five,Yes,Series C,"A performance management software platform based on weekly check-ins, employee feedback, and career growth tracks.",manager check-ins and performance management,Testing text editor text entry widgets on mobile browsers.,Cleaning database tables of customer review history logs.,Sourcing marketing leads and building custom outreach databases.,"Hi 15Five Team,

I recently came across 15Five and really liked what you're building in the SaaS space, especially around manager check-ins and performance management. I noticed how your weekly check-ins provide a simple venue for team members to flag blockers for managers.

As SaaS products scale, the real challenge is not just development — but continuously managing user feedback, onboarding optimization, data workflows, growth experiments, and creative + content execution.

I’m Swatantra Shukla, Founder of NextGenGrowth.

NextGenGrowth is a student-powered execution and creator platform where brands and startups can directly access trained student talent for real, outcome-driven work — all managed through a structured, secure workflow.

We help SaaS teams with:

• Product testing & QA (web apps, SaaS tools, mobile apps)
• User feedback collection & UX research
• Data cleaning, tagging & structuring
• Growth experiments & market research
• Lead generation & outbound support
• Content & creative execution for marketing campaigns
• Community & user acquisition via campus ambassador programs
• Competitor tracking & positioning insights
• Ongoing execution via student creators on real projects

Instead of hiring and managing scattered interns or freelancers, startups can plug into a single structured system where student creators apply, work, submit, and get paid through a secure project flow.

If 15Five is currently focusing on testing mobile check-in editors, cleaning historical data logs, or building custom lead databases, I’d love to explore whether this system can support your team.

Would you be open to a quick 15-minute call this week?

Looking forward to your thoughts.

Best regards,
Swatantra Shukla
Founder, NextGenGrowth
📧 swatantra@nextgengrowth.in
📱 +91 9532792303
🌐 https://nextgengrowth.in
🔗 https://www.linkedin.com/in/swatantra-shukla-aaa2a82bb/"
46,HeyGen,AI SaaS tools,https://heygen.com,"Video editors, marketing managers, and sales teams",https://www.linkedin.com/company/heygen,Yes,Series A,An AI video generation platform that enables users to create professional videos with talking avatars and voice cloning.,AI video generation and synthetic avatars,Auditing generated voice tracks to check for audio clipping bugs.,Testing video builder UI canvas controls on multiple screen sizes.,Outbound outreach to acquire corporate marketing agencies.,"Hi HeyGen Team,

I recently came across HeyGen and really liked what you're building in the SaaS space, especially around AI video generation and synthetic avatars. I really like your talking avatar generation and voice translation capabilities that render natural lip-syncs instantly.

As SaaS products scale, the real challenge is not just development — but continuously managing user feedback, onboarding optimization, data workflows, growth experiments, and creative + content execution.

I’m Swatantra Shukla, Founder of NextGenGrowth.

NextGenGrowth is a student-powered execution and creator platform where brands and startups can directly access trained student talent for real, outcome-driven work — all managed through a structured, secure workflow.

We help SaaS teams with:

• Product testing & QA (web apps, SaaS tools, mobile apps)
• User feedback collection & UX research
• Data cleaning, tagging & structuring
• Growth experiments & market research
• Lead generation & outbound support
• Content & creative execution for marketing campaigns
• Community & user acquisition via campus ambassador programs
• Competitor tracking & positioning insights
• Ongoing execution via student creators on real projects

Instead of hiring and managing scattered interns or freelancers, startups can plug into a single structured system where student creators apply, work, submit, and get paid through a secure project flow.

If HeyGen is currently focusing on auditing voice track audio quality, testing video builder UI layouts, or scaling agency outbound marketing, I’d love to explore whether this system can support your team.

Would you be open to a quick 15-minute call this week?

Looking forward to your thoughts.

Best regards,
Swatantra Shukla
Founder, NextGenGrowth
📧 swatantra@nextgengrowth.in
📱 +91 9532792303
🌐 https://nextgengrowth.in
🔗 https://www.linkedin.com/in/swatantra-shukla-aaa2a82bb/"
47,ElevenLabs,AI SaaS tools,https://elevenlabs.io,"Developers, content creators, and audio publishers",https://www.linkedin.com/company/elevenlabsio,Yes,Series B,"A research studio developing natural AI voice generators, text-to-speech APIs, and voice cloning software.",AI voice synthesis and text-to-speech APIs,Testing audio file player widgets for playback errors on mobile Safari.,Structuring and cleaning speech dataset files for training regional voice models.,Sourcing developer signups and running developer acquisition hackathons.,"Hi ElevenLabs Team,

I recently came across ElevenLabs and really liked what you're building in the SaaS space, especially around AI voice synthesis and text-to-speech APIs. I saw how your API generates hyper-realistic speech accents and emotions from raw text prompts.

As SaaS products scale, the real challenge is not just development — but continuously managing user feedback, onboarding optimization, data workflows, growth experiments, and creative + content execution.

I’m Swatantra Shukla, Founder of NextGenGrowth.

NextGenGrowth is a student-powered execution and creator platform where brands and startups can directly access trained student talent for real, outcome-driven work — all managed through a structured, secure workflow.

We help SaaS teams with:

• Product testing & QA (web apps, SaaS tools, mobile apps)
• User feedback collection & UX research
• Data cleaning, tagging & structuring
• Growth experiments & market research
• Lead generation & outbound support
• Content & creative execution for marketing campaigns
• Community & user acquisition via campus ambassador programs
• Competitor tracking & positioning insights
• Ongoing execution via student creators on real projects

Instead of hiring and managing scattered interns or freelancers, startups can plug into a single structured system where student creators apply, work, submit, and get paid through a secure project flow.

If ElevenLabs is currently focusing on testing audio player widgets, structuring voice datasets, or driving developer hackathon signups, I’d love to explore whether this system can support your team.

Would you be open to a quick 15-minute call this week?

Looking forward to your thoughts.

Best regards,
Swatantra Shukla
Founder, NextGenGrowth
📧 swatantra@nextgengrowth.in
📱 +91 9532792303
🌐 https://nextgengrowth.in
🔗 https://www.linkedin.com/in/swatantra-shukla-aaa2a82bb/"
48,Runway,AI SaaS tools,https://runwayml.com,"Video editors, visual designers, and creative agencies",https://www.linkedin.com/company/runwayml,Yes,Series C,"A creative suite offering generative AI video models, background removals, and image generation tools.",generative video creation and model editing,Testing video editing canvas tools on mobile browser environments.,Auditing generated video outputs for artifact and rendering bugs.,Sourcing creative designers and driving community ambassador campaigns.,"Hi Runway Team,

I recently came across Runway and really liked what you're building in the SaaS space, especially around generative video creation and model editing. Your Gen-2 and Gen-3 text-to-video capabilities that create high-fidelity video outputs from prompts are outstanding.

As SaaS products scale, the real challenge is not just development — but continuously managing user feedback, onboarding optimization, data workflows, growth experiments, and creative + content execution.

I’m Swatantra Shukla, Founder of NextGenGrowth.

NextGenGrowth is a student-powered execution and creator platform where brands and startups can directly access trained student talent for real, outcome-driven work — all managed through a structured, secure workflow.

We help SaaS teams with:

• Product testing & QA (web apps, SaaS tools, mobile apps)
• User feedback collection & UX research
• Data cleaning, tagging & structuring
• Growth experiments & market research
• Lead generation & outbound support
• Content & creative execution for marketing campaigns
• Community & user acquisition via campus ambassador programs
• Competitor tracking & positioning insights
• Ongoing execution via student creators on real projects

Instead of hiring and managing scattered interns or freelancers, startups can plug into a single structured system where student creators apply, work, submit, and get paid through a secure project flow.

If Runway is currently focusing on testing mobile editor controls, auditing video rendering outputs, or scaling creator community programs, I’d love to explore whether this system can support your team.

Would you be open to a quick 15-minute call this week?

Looking forward to your thoughts.

Best regards,
Swatantra Shukla
Founder, NextGenGrowth
📧 swatantra@nextgengrowth.in
📱 +91 9532792303
🌐 https://nextgengrowth.in
🔗 https://www.linkedin.com/in/swatantra-shukla-aaa2a82bb/"
49,Tavus,AI SaaS tools,https://tavus.io,"GTM teams, marketing agencies, and product leads",https://www.linkedin.com/company/tavus,Yes,Series A,A video personalization platform that generates tailored video clips of a founder/avatar for lead generation.,custom video cloning and personalization APIs,Testing API response parameters for video rendering speeds.,Auditing generated audio scripts for lip-sync and pronunciation bugs.,Outbound marketing to connect with high-volume sales agencies.,"Hi Tavus Team,

I recently came across Tavus and really liked what you're building in the SaaS space, especially around custom video cloning and personalization APIs. I saw how your API clones a speaker's face and voice to generate thousands of personalized video pitches automatically.

As SaaS products scale, the real challenge is not just development — but continuously managing user feedback, onboarding optimization, data workflows, growth experiments, and creative + content execution.

I’m Swatantra Shukla, Founder of NextGenGrowth.

NextGenGrowth is a student-powered execution and creator platform where brands and startups can directly access trained student talent for real, outcome-driven work — all managed through a structured, secure workflow.

We help SaaS teams with:

• Product testing & QA (web apps, SaaS tools, mobile apps)
• User feedback collection & UX research
• Data cleaning, tagging & structuring
• Growth experiments & market research
• Lead generation & outbound support
• Content & creative execution for marketing campaigns
• Community & user acquisition via campus ambassador programs
• Competitor tracking & positioning insights
• Ongoing execution via student creators on real projects

Instead of hiring and managing scattered interns or freelancers, startups can plug into a single structured system where student creators apply, work, submit, and get paid through a secure project flow.

If Tavus is currently focusing on testing API video rendering, auditing speaker lip-sync accuracy, or scaling outbound agency pipeline, I’d love to explore whether this system can support your team.

Would you be open to a quick 15-minute call this week?

Looking forward to your thoughts.

Best regards,
Swatantra Shukla
Founder, NextGenGrowth
📧 swatantra@nextgengrowth.in
📱 +91 9532792303
🌐 https://nextgengrowth.in
🔗 https://www.linkedin.com/in/swatantra-shukla-aaa2a82bb/"
50,Synthesia,AI SaaS tools,https://synthesia.io,"Enterprise L&D teams, corporate trainers, and marketers",https://www.linkedin.com/company/synthesia,Yes,Series C,An AI video generation platform that turns text scripts into video presentations featuring lifelike avatars.,synthetic video generation for training and marketing,Testing video rendering queues under high concurrent platform traffic.,Auditing pronunciation maps on lesser-used international languages.,Sourcing business development leads to target HR teams.,"Hi Synthesia Team,

I recently came across Synthesia and really liked what you're building in the SaaS space, especially around synthetic video generation for training and marketing. Your AI avatar video generator that helps corporate L&D teams create training videos without cameras is super practical.

As SaaS products scale, the real challenge is not just development — but continuously managing user feedback, onboarding optimization, data workflows, growth experiments, and creative + content execution.

I’m Swatantra Shukla, Founder of NextGenGrowth.

NextGenGrowth is a student-powered execution and creator platform where brands and startups can directly access trained student talent for real, outcome-driven work — all managed through a structured, secure workflow.

We help SaaS teams with:

• Product testing & QA (web apps, SaaS tools, mobile apps)
• User feedback collection & UX research
• Data cleaning, tagging & structuring
• Growth experiments & market research
• Lead generation & outbound support
• Content & creative execution for marketing campaigns
• Community & user acquisition via campus ambassador programs
• Competitor tracking & positioning insights
• Ongoing execution via student creators on real projects

Instead of hiring and managing scattered interns or freelancers, startups can plug into a single structured system where student creators apply, work, submit, and get paid through a secure project flow.

If Synthesia is currently focusing on testing video rendering queues, auditing multi-language pronunciations, or scaling business development leads, I’d love to explore whether this system can support your team.

Would you be open to a quick 15-minute call this week?

Looking forward to your thoughts.

Best regards,
Swatantra Shukla
Founder, NextGenGrowth
📧 swatantra@nextgengrowth.in
📱 +91 9532792303
🌐 https://nextgengrowth.in
🔗 https://www.linkedin.com/in/swatantra-shukla-aaa2a82bb/"
51,Perplexity,AI SaaS tools,https://perplexity.ai,"Researchers, writers, students, and professionals",https://www.linkedin.com/company/perplexity-ai,Yes,Series B,An AI conversational search engine that provides cited natural language answers to user queries.,conversational search and LLM context indexing,Testing web dashboard results formatting across mobile browser types.,Auditing search query summaries to flag citation link mismatches.,Campus outreach programs to acquire student search users.,"Hi Perplexity Team,

I recently came across Perplexity and really liked what you're building in the SaaS space, especially around conversational search and LLM context indexing. I really like how your conversational search lists precise source citations alongside natural text answers.

As SaaS products scale, the real challenge is not just development — but continuously managing user feedback, onboarding optimization, data workflows, growth experiments, and creative + content execution.

I’m Swatantra Shukla, Founder of NextGenGrowth.

NextGenGrowth is a student-powered execution and creator platform where brands and startups can directly access trained student talent for real, outcome-driven work — all managed through a structured, secure workflow.

We help SaaS teams with:

• Product testing & QA (web apps, SaaS tools, mobile apps)
• User feedback collection & UX research
• Data cleaning, tagging & structuring
• Growth experiments & market research
• Lead generation & outbound support
• Content & creative execution for marketing campaigns
• Community & user acquisition via campus ambassador programs
• Competitor tracking & positioning insights
• Ongoing execution via student creators on real projects

Instead of hiring and managing scattered interns or freelancers, startups can plug into a single structured system where student creators apply, work, submit, and get paid through a secure project flow.

If Perplexity is currently focusing on testing mobile search formatting, auditing query citation links, or scaling campus ambassador signups, I’d love to explore whether this system can support your team.

Would you be open to a quick 15-minute call this week?

Looking forward to your thoughts.

Best regards,
Swatantra Shukla
Founder, NextGenGrowth
📧 swatantra@nextgengrowth.in
📱 +91 9532792303
🌐 https://nextgengrowth.in
🔗 https://www.linkedin.com/in/swatantra-shukla-aaa2a82bb/"
52,DeepL,AI SaaS tools,https://deepl.com,"Translation teams, global businesses, and developers",https://www.linkedin.com/company/deepl,Yes,Series C,A high-fidelity machine translation platform utilizing deep neural networks for accurate text and document translations.,AI translation for documents and texts,Testing document translator converters for layout bugs on complex files.,Auditing translation outputs for nuances in regional languages.,Outbound prospecting to target international business leads.,"Hi DeepL Team,

I recently came across DeepL and really liked what you're building in the SaaS space, especially around AI translation for documents and texts. Your translation platform's ability to preserve original document formatting during translations is very useful.

As SaaS products scale, the real challenge is not just development — but continuously managing user feedback, onboarding optimization, data workflows, growth experiments, and creative + content execution.

I’m Swatantra Shukla, Founder of NextGenGrowth.

NextGenGrowth is a student-powered execution and creator platform where brands and startups can directly access trained student talent for real, outcome-driven work — all managed through a structured, secure workflow.

We help SaaS teams with:

• Product testing & QA (web apps, SaaS tools, mobile apps)
• User feedback collection & UX research
• Data cleaning, tagging & structuring
• Growth experiments & market research
• Lead generation & outbound support
• Content & creative execution for marketing campaigns
• Community & user acquisition via campus ambassador programs
• Competitor tracking & positioning insights
• Ongoing execution via student creators on real projects

Instead of hiring and managing scattered interns or freelancers, startups can plug into a single structured system where student creators apply, work, submit, and get paid through a secure project flow.

If DeepL is currently focusing on testing file translator layouts, auditing translation dialects, or scaling business outbound outreach, I’d love to explore whether this system can support your team.

Would you be open to a quick 15-minute call this week?

Looking forward to your thoughts.

Best regards,
Swatantra Shukla
Founder, NextGenGrowth
📧 swatantra@nextgengrowth.in
📱 +91 9532792303
🌐 https://nextgengrowth.in
🔗 https://www.linkedin.com/in/swatantra-shukla-aaa2a82bb/"
53,Pika,AI SaaS tools,https://pika.art,"Content creators, filmmakers, and digital artists",https://www.linkedin.com/company/pika-labs,Yes,Series A,"An AI video generation platform that enables users to create, edit, and animate cinematic videos from text/images.",AI-powered video synthesis and rendering,Testing editor UI control sliders for browser responsiveness.,Auditing video clip generations for image rendering errors.,Acquiring student users and managing creator ambassador channels.,"Hi Pika Team,

I recently came across Pika and really liked what you're building in the SaaS space, especially around AI-powered video synthesis and rendering. I saw how your editor lets users control camera movements and modify specific video frames using AI.

As SaaS products scale, the real challenge is not just development — but continuously managing user feedback, onboarding optimization, data workflows, growth experiments, and creative + content execution.

I’m Swatantra Shukla, Founder of NextGenGrowth.

NextGenGrowth is a student-powered execution and creator platform where brands and startups can directly access trained student talent for real, outcome-driven work — all managed through a structured, secure workflow.

We help SaaS teams with:

• Product testing & QA (web apps, SaaS tools, mobile apps)
• User feedback collection & UX research
• Data cleaning, tagging & structuring
• Growth experiments & market research
• Lead generation & outbound support
• Content & creative execution for marketing campaigns
• Community & user acquisition via campus ambassador programs
• Competitor tracking & positioning insights
• Ongoing execution via student creators on real projects

Instead of hiring and managing scattered interns or freelancers, startups can plug into a single structured system where student creators apply, work, submit, and get paid through a secure project flow.

If Pika is currently focusing on testing editor interface sliders, auditing video clip rendering, or scaling student creator outreach, I’d love to explore whether this system can support your team.

Would you be open to a quick 15-minute call this week?

Looking forward to your thoughts.

Best regards,
Swatantra Shukla
Founder, NextGenGrowth
📧 swatantra@nextgengrowth.in
📱 +91 9532792303
🌐 https://nextgengrowth.in
🔗 https://www.linkedin.com/in/swatantra-shukla-aaa2a82bb/"
54,Suno,AI SaaS tools,https://suno.com,"Musicians, creators, and consumer app users",https://www.linkedin.com/company/suno-ai,Yes,Series B,A generative music platform that compiles full audio songs including instrumentation and lyrics from text descriptions.,generative music creation platforms,Testing mobile audio player components for buffering bugs.,Auditing compiled tracks to catch vocal artifacts and audio clipping.,Outbound campaigns to acquire consumer creators on social channels.,"Hi Suno Team,

I recently came across Suno and really liked what you're building in the SaaS space, especially around generative music creation platforms. Your generative music system's ability to write full instrumental tracks and vocal melodies from text prompts is amazing.

As SaaS products scale, the real challenge is not just development — but continuously managing user feedback, onboarding optimization, data workflows, growth experiments, and creative + content execution.

I’m Swatantra Shukla, Founder of NextGenGrowth.

NextGenGrowth is a student-powered execution and creator platform where brands and startups can directly access trained student talent for real, outcome-driven work — all managed through a structured, secure workflow.

We help SaaS teams with:

• Product testing & QA (web apps, SaaS tools, mobile apps)
• User feedback collection & UX research
• Data cleaning, tagging & structuring
• Growth experiments & market research
• Lead generation & outbound support
• Content & creative execution for marketing campaigns
• Community & user acquisition via campus ambassador programs
• Competitor tracking & positioning insights
• Ongoing execution via student creators on real projects

Instead of hiring and managing scattered interns or freelancers, startups can plug into a single structured system where student creators apply, work, submit, and get paid through a secure project flow.

If Suno is currently focusing on testing mobile audio widgets, auditing audio track artifacts, or running consumer outreach campaigns, I’d love to explore whether this system can support your team.

Would you be open to a quick 15-minute call this week?

Looking forward to your thoughts.

Best regards,
Swatantra Shukla
Founder, NextGenGrowth
📧 swatantra@nextgengrowth.in
📱 +91 9532792303
🌐 https://nextgengrowth.in
🔗 https://www.linkedin.com/in/swatantra-shukla-aaa2a82bb/"
55,Harvey,AI SaaS tools,https://harvey.ai,"Law firms, corporate legal teams, and compliance officers",https://www.linkedin.com/company/harveyai,Yes,Series B,"An AI-powered legal co-pilot that assists lawyers with research, contract analysis, and due diligence.",AI-powered legal workspace and analysis software,Testing dashboard text highlighter components for lag on large documents.,Data cleaning and tagging legal databases of court case histories.,Running customer research surveys to map lawyer onboarding blockers.,"Hi Harvey Team,

I recently came across Harvey and really liked what you're building in the SaaS space, especially around AI-powered legal workspace and analysis software. I saw how you assist law firms in parsing hundreds of complex contracts to find compliance discrepancies.

As SaaS products scale, the real challenge is not just development — but continuously managing user feedback, onboarding optimization, data workflows, growth experiments, and creative + content execution.

I’m Swatantra Shukla, Founder of NextGenGrowth.

NextGenGrowth is a student-powered execution and creator platform where brands and startups can directly access trained student talent for real, outcome-driven work — all managed through a structured, secure workflow.

We help SaaS teams with:

• Product testing & QA (web apps, SaaS tools, mobile apps)
• User feedback collection & UX research
• Data cleaning, tagging & structuring
• Growth experiments & market research
• Lead generation & outbound support
• Content & creative execution for marketing campaigns
• Community & user acquisition via campus ambassador programs
• Competitor tracking & positioning insights
• Ongoing execution via student creators on real projects

Instead of hiring and managing scattered interns or freelancers, startups can plug into a single structured system where student creators apply, work, submit, and get paid through a secure project flow.

If Harvey is currently focusing on testing document interface components, cleaning legal history databases, or running user research surveys, I’d love to explore whether this system can support your team.

Would you be open to a quick 15-minute call this week?

Looking forward to your thoughts.

Best regards,
Swatantra Shukla
Founder, NextGenGrowth
📧 swatantra@nextgengrowth.in
📱 +91 9532792303
🌐 https://nextgengrowth.in
🔗 https://www.linkedin.com/in/swatantra-shukla-aaa2a82bb/"
56,Bland.ai,AI SaaS tools,https://bland.ai,"Developers, call centers, and customer support teams",https://www.linkedin.com/company/bland-ai,Yes,Seed,An API platform that enables developers to build and deploy conversational AI voice agents for phone calls.,conversational voice calling and developer APIs,Testing voice agents for latency during peak call volumes.,Auditing transcripts to evaluate translation accuracy on regional accents.,Writing technical developer setup tutorials for webhook configurations.,"Hi Bland.ai Team,

I recently came across Bland.ai and really liked what you're building in the SaaS space, especially around conversational voice calling and developer APIs. Your developer API that lets teams customize voice agent responses and orchestrate phone calls in real time is very cool.

As SaaS products scale, the real challenge is not just development — but continuously managing user feedback, onboarding optimization, data workflows, growth experiments, and creative + content execution.

I’m Swatantra Shukla, Founder of NextGenGrowth.

NextGenGrowth is a student-powered execution and creator platform where brands and startups can directly access trained student talent for real, outcome-driven work — all managed through a structured, secure workflow.

We help SaaS teams with:

• Product testing & QA (web apps, SaaS tools, mobile apps)
• User feedback collection & UX research
• Data cleaning, tagging & structuring
• Growth experiments & market research
• Lead generation & outbound support
• Content & creative execution for marketing campaigns
• Community & user acquisition via campus ambassador programs
• Competitor tracking & positioning insights
• Ongoing execution via student creators on real projects

Instead of hiring and managing scattered interns or freelancers, startups can plug into a single structured system where student creators apply, work, submit, and get paid through a secure project flow.

If Bland.ai is currently focusing on testing phone call latency, auditing conversation transcript databases, or writing developer tutorials, I’d love to explore whether this system can support your team.

Would you be open to a quick 15-minute call this week?

Looking forward to your thoughts.

Best regards,
Swatantra Shukla
Founder, NextGenGrowth
📧 swatantra@nextgengrowth.in
📱 +91 9532792303
🌐 https://nextgengrowth.in
🔗 https://www.linkedin.com/in/swatantra-shukla-aaa2a82bb/"
57,Vapi,AI SaaS tools,https://vapi.com,"SaaS developers, voice engineers, and product teams",https://www.linkedin.com/company/vapi,Yes,Seed,A developer platform offering APIs and SDKs to build real-time voice assistants and widgets for web apps.,real-time voice applications and APIs,Testing widget rendering and audio connection speeds on legacy browsers.,Sourcing developer feedback on API setup and quick-start docs.,Sourcing developer signups via outreach campaigns.,"Hi Vapi Team,

I recently came across Vapi and really liked what you're building in the SaaS space, especially around real-time voice applications and APIs. I saw how your developer SDKs allow teams to launch voice widgets directly into web browsers within minutes.

As SaaS products scale, the real challenge is not just development — but continuously managing user feedback, onboarding optimization, data workflows, growth experiments, and creative + content execution.

I’m Swatantra Shukla, Founder of NextGenGrowth.

NextGenGrowth is a student-powered execution and creator platform where brands and startups can directly access trained student talent for real, outcome-driven work — all managed through a structured, secure workflow.

We help SaaS teams with:

• Product testing & QA (web apps, SaaS tools, mobile apps)
• User feedback collection & UX research
• Data cleaning, tagging & structuring
• Growth experiments & market research
• Lead generation & outbound support
• Content & creative execution for marketing campaigns
• Community & user acquisition via campus ambassador programs
• Competitor tracking & positioning insights
• Ongoing execution via student creators on real projects

Instead of hiring and managing scattered interns or freelancers, startups can plug into a single structured system where student creators apply, work, submit, and get paid through a secure project flow.

If Vapi is currently focusing on testing browser audio widgets, auditing API setup documentation, or scaling developer signups, I’d love to explore whether this system can support your team.

Would you be open to a quick 15-minute call this week?

Looking forward to your thoughts.

Best regards,
Swatantra Shukla
Founder, NextGenGrowth
📧 swatantra@nextgengrowth.in
📱 +91 9532792303
🌐 https://nextgengrowth.in
🔗 https://www.linkedin.com/in/swatantra-shukla-aaa2a82bb/"
58,Athina AI,AI SaaS tools,https://athina.ai,"AI developers, SaaS builders, and prompt engineers",https://www.linkedin.com/company/athina-ai,Yes,Seed,"An LLM monitoring and evaluation dashboard that detects hallucinations, tracing prompt errors in real-time.",LLM evaluation and monitoring dashboards,Testing data exporter scripts for exporting evaluations.,Auditing chart visualization layouts to verify correct data representation.,Outbound outreach to connect with software development agencies.,"Hi Athina AI Team,

I recently came across Athina AI and really liked what you're building in the SaaS space, especially around LLM evaluation and monitoring dashboards. I really like your real-time playground for tracing API calls and evaluating prompts against hallucinations.

As SaaS products scale, the real challenge is not just development — but continuously managing user feedback, onboarding optimization, data workflows, growth experiments, and creative + content execution.

I’m Swatantra Shukla, Founder of NextGenGrowth.

NextGenGrowth is a student-powered execution and creator platform where brands and startups can directly access trained student talent for real, outcome-driven work — all managed through a structured, secure workflow.

We help SaaS teams with:

• Product testing & QA (web apps, SaaS tools, mobile apps)
• User feedback collection & UX research
• Data cleaning, tagging & structuring
• Growth experiments & market research
• Lead generation & outbound support
• Content & creative execution for marketing campaigns
• Community & user acquisition via campus ambassador programs
• Competitor tracking & positioning insights
• Ongoing execution via student creators on real projects

Instead of hiring and managing scattered interns or freelancers, startups can plug into a single structured system where student creators apply, work, submit, and get paid through a secure project flow.

If Athina AI is currently focusing on testing dataset exporter modules, auditing dashboard chart widgets, or scaling developer outreach, I’d love to explore whether this system can support your team.

Would you be open to a quick 15-minute call this week?

Looking forward to your thoughts.

Best regards,
Swatantra Shukla
Founder, NextGenGrowth
📧 swatantra@nextgengrowth.in
📱 +91 9532792303
🌐 https://nextgengrowth.in
🔗 https://www.linkedin.com/in/swatantra-shukla-aaa2a82bb/"
59,Composio,AI SaaS tools,https://composio.dev,"AI researchers, developer teams, and agent builders",https://www.linkedin.com/company/composio,Yes,Seed,"Provides pre-built toolsets and integrations (Github, Slack, Jira) to connect LLM agents with third-party APIs.",tool integration suites for LLM agents,Testing API auth handshakes for edge cases in third-party services.,Writing step-by-step developer documentation for custom app integrations.,Sourcing developer feedback via GitHub community channels.,"Hi Composio Team,

I recently came across Composio and really liked what you're building in the SaaS space, especially around tool integration suites for LLM agents. I saw how you enable LLM agents to connect with tools like Github, Slack, and Jira using your integration framework.

As SaaS products scale, the real challenge is not just development — but continuously managing user feedback, onboarding optimization, data workflows, growth experiments, and creative + content execution.

I’m Swatantra Shukla, Founder of NextGenGrowth.

NextGenGrowth is a student-powered execution and creator platform where brands and startups can directly access trained student talent for real, outcome-driven work — all managed through a structured, secure workflow.

We help SaaS teams with:

• Product testing & QA (web apps, SaaS tools, mobile apps)
• User feedback collection & UX research
• Data cleaning, tagging & structuring
• Growth experiments & market research
• Lead generation & outbound support
• Content & creative execution for marketing campaigns
• Community & user acquisition via campus ambassador programs
• Competitor tracking & positioning insights
• Ongoing execution via student creators on real projects

Instead of hiring and managing scattered interns or freelancers, startups can plug into a single structured system where student creators apply, work, submit, and get paid through a secure project flow.

If Composio is currently focusing on testing API authentication handshakes, writing developer integration guides, or driving GitHub stars, I’d love to explore whether this system can support your team.

Would you be open to a quick 15-minute call this week?

Looking forward to your thoughts.

Best regards,
Swatantra Shukla
Founder, NextGenGrowth
📧 swatantra@nextgengrowth.in
📱 +91 9532792303
🌐 https://nextgengrowth.in
🔗 https://www.linkedin.com/in/swatantra-shukla-aaa2a82bb/"
60,Defog AI,AI SaaS tools,https://defog.ai,"Database administrators, business analysts, and developers",https://www.linkedin.com/company/defog-ai,Yes,Seed,A natural language interface for databases that lets non-technical users query data using custom SQL models.,SQL database natural language queries,Testing model query generation against complex database schemas.,Cleaning and labeling database metadata for custom SQL models.,Outbound prospecting to reach data analytics teams.,"Hi Defog AI Team,

I recently came across Defog AI and really liked what you're building in the SaaS space, especially around SQL database natural language queries. I noticed how your custom language models let team members query SQL databases in natural language safely.

As SaaS products scale, the real challenge is not just development — but continuously managing user feedback, onboarding optimization, data workflows, growth experiments, and creative + content execution.

I’m Swatantra Shukla, Founder of NextGenGrowth.

NextGenGrowth is a student-powered execution and creator platform where brands and startups can directly access trained student talent for real, outcome-driven work — all managed through a structured, secure workflow.

We help SaaS teams with:

• Product testing & QA (web apps, SaaS tools, mobile apps)
• User feedback collection & UX research
• Data cleaning, tagging & structuring
• Growth experiments & market research
• Lead generation & outbound support
• Content & creative execution for marketing campaigns
• Community & user acquisition via campus ambassador programs
• Competitor tracking & positioning insights
• Ongoing execution via student creators on real projects

Instead of hiring and managing scattered interns or freelancers, startups can plug into a single structured system where student creators apply, work, submit, and get paid through a secure project flow.

If Defog AI is currently focusing on testing model SQL generation, cleaning database metadata schemas, or scaling outbound outreach, I’d love to explore whether this system can support your team.

Would you be open to a quick 15-minute call this week?

Looking forward to your thoughts.

Best regards,
Swatantra Shukla
Founder, NextGenGrowth
📧 swatantra@nextgengrowth.in
📱 +91 9532792303
🌐 https://nextgengrowth.in
🔗 https://www.linkedin.com/in/swatantra-shukla-aaa2a82bb/"
61,Notion,Productivity SaaS,https://notion.so,"Students, startup teams, and enterprise businesses",https://www.linkedin.com/company/notionhq,Yes,Series C,"A connected workspace for wikis, notes, tasks, databases, and project management with AI features.",flexible workspace wikis and AI notes,Testing database migration tools under heavy data sizes.,Auditing and organizing community templates for format consistency.,Campus programs to acquire student users and brand ambassadors.,"Hi Notion Team,

I recently came across Notion and really liked what you're building in the SaaS space, especially around flexible workspace wikis and AI notes. Your database relations and rollup properties that let teams connect different wikis and tasks together are highly powerful.

As SaaS products scale, the real challenge is not just development — but continuously managing user feedback, onboarding optimization, data workflows, growth experiments, and creative + content execution.

I’m Swatantra Shukla, Founder of NextGenGrowth.

NextGenGrowth is a student-powered execution and creator platform where brands and startups can directly access trained student talent for real, outcome-driven work — all managed through a structured, secure workflow.

We help SaaS teams with:

• Product testing & QA (web apps, SaaS tools, mobile apps)
• User feedback collection & UX research
• Data cleaning, tagging & structuring
• Growth experiments & market research
• Lead generation & outbound support
• Content & creative execution for marketing campaigns
• Community & user acquisition via campus ambassador programs
• Competitor tracking & positioning insights
• Ongoing execution via student creators on real projects

Instead of hiring and managing scattered interns or freelancers, startups can plug into a single structured system where student creators apply, work, submit, and get paid through a secure project flow.

If Notion is currently focusing on testing database migration modules, auditing template formats, or driving student campus programs, I’d love to explore whether this system can support your team.

Would you be open to a quick 15-minute call this week?

Looking forward to your thoughts.

Best regards,
Swatantra Shukla
Founder, NextGenGrowth
📧 swatantra@nextgengrowth.in
📱 +91 9532792303
🌐 https://nextgengrowth.in
🔗 https://www.linkedin.com/in/swatantra-shukla-aaa2a82bb/"
62,Coda,Productivity SaaS,https://coda.io,"Product managers, teams, and operations specialists",https://www.linkedin.com/company/coda-hq,Yes,Series D,"A collaborative document platform that combines text, spreadsheets, and database applications into a unified file.",collaborative document workspaces and databases,Testing custom integration pack plugins for UI glitches.,Auditing and tagging formula templates to ensure zero errors.,Outbound marketing to acquire corporate teams and managers.,"Hi Coda Team,

I recently came across Coda and really liked what you're building in the SaaS space, especially around collaborative document workspaces and databases. I like how your integration packs connect documents to live tools like Slack and Jira directly.

As SaaS products scale, the real challenge is not just development — but continuously managing user feedback, onboarding optimization, data workflows, growth experiments, and creative + content execution.

I’m Swatantra Shukla, Founder of NextGenGrowth.

NextGenGrowth is a student-powered execution and creator platform where brands and startups can directly access trained student talent for real, outcome-driven work — all managed through a structured, secure workflow.

We help SaaS teams with:

• Product testing & QA (web apps, SaaS tools, mobile apps)
• User feedback collection & UX research
• Data cleaning, tagging & structuring
• Growth experiments & market research
• Lead generation & outbound support
• Content & creative execution for marketing campaigns
• Community & user acquisition via campus ambassador programs
• Competitor tracking & positioning insights
• Ongoing execution via student creators on real projects

Instead of hiring and managing scattered interns or freelancers, startups can plug into a single structured system where student creators apply, work, submit, and get paid through a secure project flow.

If Coda is currently focusing on testing integration pack widgets, auditing template formulas, or scaling business outbound outreach, I’d love to explore whether this system can support your team.

Would you be open to a quick 15-minute call this week?

Looking forward to your thoughts.

Best regards,
Swatantra Shukla
Founder, NextGenGrowth
📧 swatantra@nextgengrowth.in
📱 +91 9532792303
🌐 https://nextgengrowth.in
🔗 https://www.linkedin.com/in/swatantra-shukla-aaa2a82bb/"
63,Linear,Productivity SaaS,https://linear.app,"Product managers, developers, and designers",https://www.linkedin.com/company/linear-app,Yes,Series A,A high-performance project management tool designed for software engineering teams.,high-performance project management tools,Testing offline state synchronization logic on mobile layouts.,Writing onboarding manuals for migrating tickets from legacy platforms.,Sourcing product user reviews from early-stage developers.,"Hi Linear Team,

I recently came across Linear and really liked what you're building in the SaaS space, especially around high-performance project management tools. I saw how your keyboard shortcuts and offline sync make tracking tickets incredibly fast for developers.

As SaaS products scale, the real challenge is not just development — but continuously managing user feedback, onboarding optimization, data workflows, growth experiments, and creative + content execution.

I’m Swatantra Shukla, Founder of NextGenGrowth.

NextGenGrowth is a student-powered execution and creator platform where brands and startups can directly access trained student talent for real, outcome-driven work — all managed through a structured, secure workflow.

We help SaaS teams with:

• Product testing & QA (web apps, SaaS tools, mobile apps)
• User feedback collection & UX research
• Data cleaning, tagging & structuring
• Growth experiments & market research
• Lead generation & outbound support
• Content & creative execution for marketing campaigns
• Community & user acquisition via campus ambassador programs
• Competitor tracking & positioning insights
• Ongoing execution via student creators on real projects

Instead of hiring and managing scattered interns or freelancers, startups can plug into a single structured system where student creators apply, work, submit, and get paid through a secure project flow.

If Linear is currently focusing on testing mobile offline sync actions, compiling ticket migration guides, or gathering developer product reviews, I’d love to explore whether this system can support your team.

Would you be open to a quick 15-minute call this week?

Looking forward to your thoughts.

Best regards,
Swatantra Shukla
Founder, NextGenGrowth
📧 swatantra@nextgengrowth.in
📱 +91 9532792303
🌐 https://nextgengrowth.in
🔗 https://www.linkedin.com/in/swatantra-shukla-aaa2a82bb/"
64,ClickUp,Productivity SaaS,https://clickup.com,"Remote teams, project managers, and agencies",https://www.linkedin.com/company/clickup,Yes,Series C,"An all-in-one productivity platform for tasks, docs, goals, chat, and project tracking.",project management workspaces and task tracking,Testing CSV task import tools for layout errors.,Gathering user onboarding feedback to identify dashboard friction.,Designing ad creatives for digital marketing campaigns.,"Hi ClickUp Team,

I recently came across ClickUp and really liked what you're building in the SaaS space, especially around project management workspaces and task tracking. Your flexible custom fields and multiple task views that fit different team workflows are highly versatile.

As SaaS products scale, the real challenge is not just development — but continuously managing user feedback, onboarding optimization, data workflows, growth experiments, and creative + content execution.

I’m Swatantra Shukla, Founder of NextGenGrowth.

NextGenGrowth is a student-powered execution and creator platform where brands and startups can directly access trained student talent for real, outcome-driven work — all managed through a structured, secure workflow.

We help SaaS teams with:

• Product testing & QA (web apps, SaaS tools, mobile apps)
• User feedback collection & UX research
• Data cleaning, tagging & structuring
• Growth experiments & market research
• Lead generation & outbound support
• Content & creative execution for marketing campaigns
• Community & user acquisition via campus ambassador programs
• Competitor tracking & positioning insights
• Ongoing execution via student creators on real projects

Instead of hiring and managing scattered interns or freelancers, startups can plug into a single structured system where student creators apply, work, submit, and get paid through a secure project flow.

If ClickUp is currently focusing on testing CSV import modules, conducting onboarding feedback surveys, or designing ad creatives, I’d love to explore whether this system can support your team.

Would you be open to a quick 15-minute call this week?

Looking forward to your thoughts.

Best regards,
Swatantra Shukla
Founder, NextGenGrowth
📧 swatantra@nextgengrowth.in
📱 +91 9532792303
🌐 https://nextgengrowth.in
🔗 https://www.linkedin.com/in/swatantra-shukla-aaa2a82bb/"
65,Todoist,Productivity SaaS,https://todoist.com,"Individuals, managers, and small teams",https://www.linkedin.com/company/doist,Yes,Bootstrapped,A simple yet powerful to-do list and task manager for organizing personal and team projects.,daily task lists and team project management,Testing calendar synchronization on Android and iOS widgets.,Auditing and tagging custom task templates in the library.,Outbound outreach to acquire teams for your business tier.,"Hi Todoist Team,

I recently came across Todoist and really liked what you're building in the SaaS space, especially around daily task lists and team project management. I noticed how your natural language input allows users to write dates to schedule tasks instantly.

As SaaS products scale, the real challenge is not just development — but continuously managing user feedback, onboarding optimization, data workflows, growth experiments, and creative + content execution.

I’m Swatantra Shukla, Founder of NextGenGrowth.

NextGenGrowth is a student-powered execution and creator platform where brands and startups can directly access trained student talent for real, outcome-driven work — all managed through a structured, secure workflow.

We help SaaS teams with:

• Product testing & QA (web apps, SaaS tools, mobile apps)
• User feedback collection & UX research
• Data cleaning, tagging & structuring
• Growth experiments & market research
• Lead generation & outbound support
• Content & creative execution for marketing campaigns
• Community & user acquisition via campus ambassador programs
• Competitor tracking & positioning insights
• Ongoing execution via student creators on real projects

Instead of hiring and managing scattered interns or freelancers, startups can plug into a single structured system where student creators apply, work, submit, and get paid through a secure project flow.

If Todoist is currently focusing on testing mobile sync widgets, auditing task templates, or scaling business outbound outreach, I’d love to explore whether this system can support your team.

Would you be open to a quick 15-minute call this week?

Looking forward to your thoughts.

Best regards,
Swatantra Shukla
Founder, NextGenGrowth
📧 swatantra@nextgengrowth.in
📱 +91 9532792303
🌐 https://nextgengrowth.in
🔗 https://www.linkedin.com/in/swatantra-shukla-aaa2a82bb/"
66,Slite,Productivity SaaS,https://slite.com,"Remote companies, product teams, and startups",https://www.linkedin.com/company/slite,Yes,Series A,A collaborative team wiki and document editor built specifically for remote organizations.,remote team collaboration and documentation wikis,Testing markdown parser widgets on diverse browser builds.,Sourcing customer feedback on dashboard editor layouts.,Sourcing sales leads and executing outbound campaigns.,"Hi Slite Team,

I recently came across Slite and really liked what you're building in the SaaS space, especially around remote team collaboration and documentation wikis. Your clean editor interface and document version histories are perfect for building company handbooks.

As SaaS products scale, the real challenge is not just development — but continuously managing user feedback, onboarding optimization, data workflows, growth experiments, and creative + content execution.

I’m Swatantra Shukla, Founder of NextGenGrowth.

NextGenGrowth is a student-powered execution and creator platform where brands and startups can directly access trained student talent for real, outcome-driven work — all managed through a structured, secure workflow.

We help SaaS teams with:

• Product testing & QA (web apps, SaaS tools, mobile apps)
• User feedback collection & UX research
• Data cleaning, tagging & structuring
• Growth experiments & market research
• Lead generation & outbound support
• Content & creative execution for marketing campaigns
• Community & user acquisition via campus ambassador programs
• Competitor tracking & positioning insights
• Ongoing execution via student creators on real projects

Instead of hiring and managing scattered interns or freelancers, startups can plug into a single structured system where student creators apply, work, submit, and get paid through a secure project flow.

If Slite is currently focusing on testing markdown editor widgets, conducting dashboard UX research, or scaling outbound outreach, I’d love to explore whether this system can support your team.

Would you be open to a quick 15-minute call this week?

Looking forward to your thoughts.

Best regards,
Swatantra Shukla
Founder, NextGenGrowth
📧 swatantra@nextgengrowth.in
📱 +91 9532792303
🌐 https://nextgengrowth.in
🔗 https://www.linkedin.com/in/swatantra-shukla-aaa2a82bb/"
67,Raycast,Productivity SaaS,https://raycast.com,"Developers, power users, and system administrators",https://www.linkedin.com/company/raycast,Yes,Series A,"A keyboard-first launcher for Mac that lets developers access files, code snippets, and API integrations instantly.",keyboard shortcuts and developer extensions,Testing extension store submissions to ensure they load properly.,Writing setup guides for custom extension packages.,Sourcing developer feedback on the extension API.,"Hi Raycast Team,

I recently came across Raycast and really liked what you're building in the SaaS space, especially around keyboard shortcuts and developer extensions. I really like your API developer kit which lets developers build custom launcher extensions using React.

As SaaS products scale, the real challenge is not just development — but continuously managing user feedback, onboarding optimization, data workflows, growth experiments, and creative + content execution.

I’m Swatantra Shukla, Founder of NextGenGrowth.

NextGenGrowth is a student-powered execution and creator platform where brands and startups can directly access trained student talent for real, outcome-driven work — all managed through a structured, secure workflow.

We help SaaS teams with:

• Product testing & QA (web apps, SaaS tools, mobile apps)
• User feedback collection & UX research
• Data cleaning, tagging & structuring
• Growth experiments & market research
• Lead generation & outbound support
• Content & creative execution for marketing campaigns
• Community & user acquisition via campus ambassador programs
• Competitor tracking & positioning insights
• Ongoing execution via student creators on real projects

Instead of hiring and managing scattered interns or freelancers, startups can plug into a single structured system where student creators apply, work, submit, and get paid through a secure project flow.

If Raycast is currently focusing on testing extension store builds, writing API integration guides, or gathering developer extension feedback, I’d love to explore whether this system can support your team.

Would you be open to a quick 15-minute call this week?

Looking forward to your thoughts.

Best regards,
Swatantra Shukla
Founder, NextGenGrowth
📧 swatantra@nextgengrowth.in
📱 +91 9532792303
🌐 https://nextgengrowth.in
🔗 https://www.linkedin.com/in/swatantra-shukla-aaa2a82bb/"
68,Loom,Productivity SaaS,https://loom.com,"Remote workers, design teams, and product managers",https://www.linkedin.com/company/loom-app,Yes,Acquired (Series C),"An asynchronous video messaging platform for recording screen, camera, and microphone clips.",asynchronous video messaging and screen recorders,Testing desktop browser extension record buttons.,Auditing auto-generated video transcript files for mistakes.,Executing market research to verify competitive business pricing.,"Hi Loom Team,

I recently came across Loom and really liked what you're building in the SaaS space, especially around asynchronous video messaging and screen recorders. I saw how your screen recorder and instant link generation make communicating asynchronously so efficient.

As SaaS products scale, the real challenge is not just development — but continuously managing user feedback, onboarding optimization, data workflows, growth experiments, and creative + content execution.

I’m Swatantra Shukla, Founder of NextGenGrowth.

NextGenGrowth is a student-powered execution and creator platform where brands and startups can directly access trained student talent for real, outcome-driven work — all managed through a structured, secure workflow.

We help SaaS teams with:

• Product testing & QA (web apps, SaaS tools, mobile apps)
• User feedback collection & UX research
• Data cleaning, tagging & structuring
• Growth experiments & market research
• Lead generation & outbound support
• Content & creative execution for marketing campaigns
• Community & user acquisition via campus ambassador programs
• Competitor tracking & positioning insights
• Ongoing execution via student creators on real projects

Instead of hiring and managing scattered interns or freelancers, startups can plug into a single structured system where student creators apply, work, submit, and get paid through a secure project flow.

If Loom is currently focusing on testing desktop recorder components, auditing auto-transcription files, or executing market research studies, I’d love to explore whether this system can support your team.

Would you be open to a quick 15-minute call this week?

Looking forward to your thoughts.

Best regards,
Swatantra Shukla
Founder, NextGenGrowth
📧 swatantra@nextgengrowth.in
📱 +91 9532792303
🌐 https://nextgengrowth.in
🔗 https://www.linkedin.com/in/swatantra-shukla-aaa2a82bb/"
69,Superhuman,Productivity SaaS,https://superhuman.com,"Busy professionals, founders, and sales teams",https://www.linkedin.com/company/superhuman-co,Yes,Series C,A high-speed email client dashboard optimized for keyboard shortcuts and inbox zero.,high-speed email software and productivity suites,Testing mobile app versions on older iOS operating systems.,Gathering user feedback on email schedule controls.,Outbound outreach to target corporate executive teams.,"Hi Superhuman Team,

I recently came across Superhuman and really liked what you're building in the SaaS space, especially around high-speed email software and productivity suites. Your split inbox and keyboard shortcut capabilities that help users fly through their messages are incredible.

As SaaS products scale, the real challenge is not just development — but continuously managing user feedback, onboarding optimization, data workflows, growth experiments, and creative + content execution.

I’m Swatantra Shukla, Founder of NextGenGrowth.

NextGenGrowth is a student-powered execution and creator platform where brands and startups can directly access trained student talent for real, outcome-driven work — all managed through a structured, secure workflow.

We help SaaS teams with:

• Product testing & QA (web apps, SaaS tools, mobile apps)
• User feedback collection & UX research
• Data cleaning, tagging & structuring
• Growth experiments & market research
• Lead generation & outbound support
• Content & creative execution for marketing campaigns
• Community & user acquisition via campus ambassador programs
• Competitor tracking & positioning insights
• Ongoing execution via student creators on real projects

Instead of hiring and managing scattered interns or freelancers, startups can plug into a single structured system where student creators apply, work, submit, and get paid through a secure project flow.

If Superhuman is currently focusing on testing mobile app updates, gathering user schedule feedback, or scaling corporate outbound campaigns, I’d love to explore whether this system can support your team.

Would you be open to a quick 15-minute call this week?

Looking forward to your thoughts.

Best regards,
Swatantra Shukla
Founder, NextGenGrowth
📧 swatantra@nextgengrowth.in
📱 +91 9532792303
🌐 https://nextgengrowth.in
🔗 https://www.linkedin.com/in/swatantra-shukla-aaa2a82bb/"
70,Miro,Productivity SaaS,https://miro.com,"Product designers, PMs, and engineering leads",https://www.linkedin.com/company/mirohq,Yes,Series C,"A visual collaboration platform providing digital whiteboards, mind maps, and sticky notes for remote teams.",visual whiteboarding and team collaboration,Testing component rendering and canvas dragging speeds on low-performance devices.,Auditing and styling template collections for user setups.,Campus programs to recruit university design ambassadors.,"Hi Miro Team,

I recently came across Miro and really liked what you're building in the SaaS space, especially around visual whiteboarding and team collaboration. Your collaborative canvas that lets hundreds of remote participants brainstorm using sticky notes in real-time is excellent.

As SaaS products scale, the real challenge is not just development — but continuously managing user feedback, onboarding optimization, data workflows, growth experiments, and creative + content execution.

I’m Swatantra Shukla, Founder of NextGenGrowth.

NextGenGrowth is a student-powered execution and creator platform where brands and startups can directly access trained student talent for real, outcome-driven work — all managed through a structured, secure workflow.

We help SaaS teams with:

• Product testing & QA (web apps, SaaS tools, mobile apps)
• User feedback collection & UX research
• Data cleaning, tagging & structuring
• Growth experiments & market research
• Lead generation & outbound support
• Content & creative execution for marketing campaigns
• Community & user acquisition via campus ambassador programs
• Competitor tracking & positioning insights
• Ongoing execution via student creators on real projects

Instead of hiring and managing scattered interns or freelancers, startups can plug into a single structured system where student creators apply, work, submit, and get paid through a secure project flow.

If Miro is currently focusing on testing canvas rendering performance, auditing design templates, or launching campus ambassador programs, I’d love to explore whether this system can support your team.

Would you be open to a quick 15-minute call this week?

Looking forward to your thoughts.

Best regards,
Swatantra Shukla
Founder, NextGenGrowth
📧 swatantra@nextgengrowth.in
📱 +91 9532792303
🌐 https://nextgengrowth.in
🔗 https://www.linkedin.com/in/swatantra-shukla-aaa2a82bb/"
71,Mural,Productivity SaaS,https://mural.co,"Enterprise design squads, workshop facilitators",https://www.linkedin.com/company/mural,Yes,Series C,A digital workspace for visual collaboration and facilitation that helps teams brainstorm ideas and run workshops.,digital whiteboarding and remote team alignment,Testing whiteboard item drag-and-drops on tablets.,Cleaning and organizing visual template databases.,Sourcing marketing leads and building custom outreach databases.,"Hi Mural Team,

I recently came across Mural and really liked what you're building in the SaaS space, especially around digital whiteboarding and remote team alignment. I saw how your facilitator controls help team leaders guide participants during online brainstorming sessions.

As SaaS products scale, the real challenge is not just development — but continuously managing user feedback, onboarding optimization, data workflows, growth experiments, and creative + content execution.

I’m Swatantra Shukla, Founder of NextGenGrowth.

NextGenGrowth is a student-powered execution and creator platform where brands and startups can directly access trained student talent for real, outcome-driven work — all managed through a structured, secure workflow.

We help SaaS teams with:

• Product testing & QA (web apps, SaaS tools, mobile apps)
• User feedback collection & UX research
• Data cleaning, tagging & structuring
• Growth experiments & market research
• Lead generation & outbound support
• Content & creative execution for marketing campaigns
• Community & user acquisition via campus ambassador programs
• Competitor tracking & positioning insights
• Ongoing execution via student creators on real projects

Instead of hiring and managing scattered interns or freelancers, startups can plug into a single structured system where student creators apply, work, submit, and get paid through a secure project flow.

If Mural is currently focusing on testing tablet drag-and-drop actions, cleaning template library databases, or building lead outreach databases, I’d love to explore whether this system can support your team.

Would you be open to a quick 15-minute call this week?

Looking forward to your thoughts.

Best regards,
Swatantra Shukla
Founder, NextGenGrowth
📧 swatantra@nextgengrowth.in
📱 +91 9532792303
🌐 https://nextgengrowth.in
🔗 https://www.linkedin.com/in/swatantra-shukla-aaa2a82bb/"
72,Asana,Productivity SaaS,https://asana.com,"Project managers, operations teams, and marketing leads",https://www.linkedin.com/company/asana,Yes,IPO,"A collaborative task and project management platform that tracks team workflows, dependencies, and objectives.",team project and program tracking dashboards,Testing task status indicator displays on mobile layouts.,Auditing customer dashboard database logs for data import anomalies.,Outbound outreach to connect with mid-market marketing agencies.,"Hi Asana Team,

I recently came across Asana and really liked what you're building in the SaaS space, especially around team project and program tracking dashboards. Your project timeline view that lets teams map dependencies and adjust deadlines visually is extremely helpful.

As SaaS products scale, the real challenge is not just development — but continuously managing user feedback, onboarding optimization, data workflows, growth experiments, and creative + content execution.

I’m Swatantra Shukla, Founder of NextGenGrowth.

NextGenGrowth is a student-powered execution and creator platform where brands and startups can directly access trained student talent for real, outcome-driven work — all managed through a structured, secure workflow.

We help SaaS teams with:

• Product testing & QA (web apps, SaaS tools, mobile apps)
• User feedback collection & UX research
• Data cleaning, tagging & structuring
• Growth experiments & market research
• Lead generation & outbound support
• Content & creative execution for marketing campaigns
• Community & user acquisition via campus ambassador programs
• Competitor tracking & positioning insights
• Ongoing execution via student creators on real projects

Instead of hiring and managing scattered interns or freelancers, startups can plug into a single structured system where student creators apply, work, submit, and get paid through a secure project flow.

If Asana is currently focusing on testing mobile project dashboards, auditing database import logs, or scaling agency outreach, I’d love to explore whether this system can support your team.

Would you be open to a quick 15-minute call this week?

Looking forward to your thoughts.

Best regards,
Swatantra Shukla
Founder, NextGenGrowth
📧 swatantra@nextgengrowth.in
📱 +91 9532792303
🌐 https://nextgengrowth.in
🔗 https://www.linkedin.com/in/swatantra-shukla-aaa2a82bb/"
73,Monday.com,Productivity SaaS,https://monday.com,"Operations leads, team managers, and project leaders",https://www.linkedin.com/company/monday.com,Yes,IPO,A customizable work operating system that allows organizations to build custom workflow and project management apps.,workflow and project management customization,Testing dashboard loading speeds under complex formula columns.,Auditing and tagging custom integration layouts.,Running user research interviews to find setup hurdles.,"Hi Monday.com Team,

I recently came across Monday.com and really liked what you're building in the SaaS space, especially around workflow and project management customization. I saw how your customizable column types and automated workflows let teams adapt dashboards for any project.

As SaaS products scale, the real challenge is not just development — but continuously managing user feedback, onboarding optimization, data workflows, growth experiments, and creative + content execution.

I’m Swatantra Shukla, Founder of NextGenGrowth.

NextGenGrowth is a student-powered execution and creator platform where brands and startups can directly access trained student talent for real, outcome-driven work — all managed through a structured, secure workflow.

We help SaaS teams with:

• Product testing & QA (web apps, SaaS tools, mobile apps)
• User feedback collection & UX research
• Data cleaning, tagging & structuring
• Growth experiments & market research
• Lead generation & outbound support
• Content & creative execution for marketing campaigns
• Community & user acquisition via campus ambassador programs
• Competitor tracking & positioning insights
• Ongoing execution via student creators on real projects

Instead of hiring and managing scattered interns or freelancers, startups can plug into a single structured system where student creators apply, work, submit, and get paid through a secure project flow.

If Monday.com is currently focusing on testing custom formula widgets, auditing integration layouts, or conducting setup UX surveys, I’d love to explore whether this system can support your team.

Would you be open to a quick 15-minute call this week?

Looking forward to your thoughts.

Best regards,
Swatantra Shukla
Founder, NextGenGrowth
📧 swatantra@nextgengrowth.in
📱 +91 9532792303
🌐 https://nextgengrowth.in
🔗 https://www.linkedin.com/in/swatantra-shukla-aaa2a82bb/"
74,Fellow.app,Productivity SaaS,https://fellow.app,"Managers, team leaders, and HR coordinators",https://www.linkedin.com/company/fellowapp,Yes,Series A,"A meeting productivity software platform for collaborative agendas, action items, and feedback loops.",meeting agendas and manager action items,Testing editor checklist elements for browser bugs.,Cleaning database tables of client meeting template files.,Outbound prospecting to reach startup founders.,"Hi Fellow.app Team,

I recently came across Fellow.app and really liked what you're building in the SaaS space, especially around meeting agendas and manager action items. Your integration that links meeting notes with calendar invites to keep teams aligned is highly efficient.

As SaaS products scale, the real challenge is not just development — but continuously managing user feedback, onboarding optimization, data workflows, growth experiments, and creative + content execution.

I’m Swatantra Shukla, Founder of NextGenGrowth.

NextGenGrowth is a student-powered execution and creator platform where brands and startups can directly access trained student talent for real, outcome-driven work — all managed through a structured, secure workflow.

We help SaaS teams with:

• Product testing & QA (web apps, SaaS tools, mobile apps)
• User feedback collection & UX research
• Data cleaning, tagging & structuring
• Growth experiments & market research
• Lead generation & outbound support
• Content & creative execution for marketing campaigns
• Community & user acquisition via campus ambassador programs
• Competitor tracking & positioning insights
• Ongoing execution via student creators on real projects

Instead of hiring and managing scattered interns or freelancers, startups can plug into a single structured system where student creators apply, work, submit, and get paid through a secure project flow.

If Fellow.app is currently focusing on testing editor note widgets, cleaning template databases, or driving founder outbound prospecting, I’d love to explore whether this system can support your team.

Would you be open to a quick 15-minute call this week?

Looking forward to your thoughts.

Best regards,
Swatantra Shukla
Founder, NextGenGrowth
📧 swatantra@nextgengrowth.in
📱 +91 9532792303
🌐 https://nextgengrowth.in
🔗 https://www.linkedin.com/in/swatantra-shukla-aaa2a82bb/"
75,Grain,Productivity SaaS,https://grain.com,"Product managers, researchers, and sales teams",https://www.linkedin.com/company/grainvideo,Yes,Series A,A meeting recording and clip sharing tool that records video calls and extracts key transcript highlights.,meeting recordings and customer insight clips,Testing video clipper UI tools on mobile screen layouts.,Auditing auto-transcripts for spelling mistakes on technical terms.,Outbound marketing to acquire user research teams.,"Hi Grain Team,

I recently came across Grain and really liked what you're building in the SaaS space, especially around meeting recordings and customer insight clips. Your ability to clip video transcripts and share customer quotes directly with product teams is incredibly practical.

As SaaS products scale, the real challenge is not just development — but continuously managing user feedback, onboarding optimization, data workflows, growth experiments, and creative + content execution.

I’m Swatantra Shukla, Founder of NextGenGrowth.

NextGenGrowth is a student-powered execution and creator platform where brands and startups can directly access trained student talent for real, outcome-driven work — all managed through a structured, secure workflow.

We help SaaS teams with:

• Product testing & QA (web apps, SaaS tools, mobile apps)
• User feedback collection & UX research
• Data cleaning, tagging & structuring
• Growth experiments & market research
• Lead generation & outbound support
• Content & creative execution for marketing campaigns
• Community & user acquisition via campus ambassador programs
• Competitor tracking & positioning insights
• Ongoing execution via student creators on real projects

Instead of hiring and managing scattered interns or freelancers, startups can plug into a single structured system where student creators apply, work, submit, and get paid through a secure project flow.

If Grain is currently focusing on testing video clipper mobile views, auditing transcript terminology, or driving researcher outbound leads, I’d love to explore whether this system can support your team.

Would you be open to a quick 15-minute call this week?

Looking forward to your thoughts.

Best regards,
Swatantra Shukla
Founder, NextGenGrowth
📧 swatantra@nextgengrowth.in
📱 +91 9532792303
🌐 https://nextgengrowth.in
🔗 https://www.linkedin.com/in/swatantra-shukla-aaa2a82bb/"
76,Folk,Sales/CRM tools,https://folk.app,"Startups, small business owners, and sales teams",https://www.linkedin.com/company/folk-hq,Yes,Series A,"A modern, collaborative CRM database that helps teams customize contact pipelines and send mail merges.",collaborative CRM and contact management,Testing email sync integrations for rate limit errors.,Data cleaning and deduplicating of contact export sheets.,Outbound marketing to acquire high-growth startups.,"Hi Folk Team,

I recently came across Folk and really liked what you're building in the SaaS space, especially around collaborative CRM and contact management. I love how your browser extension lets users import contacts directly from LinkedIn profiles in one click.

As SaaS products scale, the real challenge is not just development — but continuously managing user feedback, onboarding optimization, data workflows, growth experiments, and creative + content execution.

I’m Swatantra Shukla, Founder of NextGenGrowth.

NextGenGrowth is a student-powered execution and creator platform where brands and startups can directly access trained student talent for real, outcome-driven work — all managed through a structured, secure workflow.

We help SaaS teams with:

• Product testing & QA (web apps, SaaS tools, mobile apps)
• User feedback collection & UX research
• Data cleaning, tagging & structuring
• Growth experiments & market research
• Lead generation & outbound support
• Content & creative execution for marketing campaigns
• Community & user acquisition via campus ambassador programs
• Competitor tracking & positioning insights
• Ongoing execution via student creators on real projects

Instead of hiring and managing scattered interns or freelancers, startups can plug into a single structured system where student creators apply, work, submit, and get paid through a secure project flow.

If Folk is currently focusing on testing email integration syncs, deduplicating contact databases, or scaling startup outbound outreach, I’d love to explore whether this system can support your team.

Would you be open to a quick 15-minute call this week?

Looking forward to your thoughts.

Best regards,
Swatantra Shukla
Founder, NextGenGrowth
📧 swatantra@nextgengrowth.in
📱 +91 9532792303
🌐 https://nextgengrowth.in
🔗 https://www.linkedin.com/in/swatantra-shukla-aaa2a82bb/"
77,Attio,Sales/CRM tools,https://attio.com,"Sales ops, growth teams, and startup founders",https://www.linkedin.com/company/attio,Yes,Series A,A fully customizable modern CRM platform that updates contact data and tracks pipelines automatically.,customizable CRM and sales data pipelines,Testing custom field update modules for database sync lags.,Cleaning and enriching startup directory data assets.,Running user onboarding research to map dashboard configuration drops.,"Hi Attio Team,

I recently came across Attio and really liked what you're building in the SaaS space, especially around customizable CRM and sales data pipelines. Your database schema flexibility and real-time activity histories for team collaboration are highly advanced.

As SaaS products scale, the real challenge is not just development — but continuously managing user feedback, onboarding optimization, data workflows, growth experiments, and creative + content execution.

I’m Swatantra Shukla, Founder of NextGenGrowth.

NextGenGrowth is a student-powered execution and creator platform where brands and startups can directly access trained student talent for real, outcome-driven work — all managed through a structured, secure workflow.

We help SaaS teams with:

• Product testing & QA (web apps, SaaS tools, mobile apps)
• User feedback collection & UX research
• Data cleaning, tagging & structuring
• Growth experiments & market research
• Lead generation & outbound support
• Content & creative execution for marketing campaigns
• Community & user acquisition via campus ambassador programs
• Competitor tracking & positioning insights
• Ongoing execution via student creators on real projects

Instead of hiring and managing scattered interns or freelancers, startups can plug into a single structured system where student creators apply, work, submit, and get paid through a secure project flow.

If Attio is currently focusing on testing CRM field update modules, cleaning directory database lists, or conducting user onboarding surveys, I’d love to explore whether this system can support your team.

Would you be open to a quick 15-minute call this week?

Looking forward to your thoughts.

Best regards,
Swatantra Shukla
Founder, NextGenGrowth
📧 swatantra@nextgengrowth.in
📱 +91 9532792303
🌐 https://nextgengrowth.in
🔗 https://www.linkedin.com/in/swatantra-shukla-aaa2a82bb/"
78,Clay,Sales/CRM tools,https://clay.com,"Growth marketers, sales development leads, and founders",https://www.linkedin.com/company/clayrun,Yes,Series B,An outbound data enrichment platform that merges multiple databases to compile personalized leads list.,data enrichment and outbound lead databases,Testing api handshake rate limits under concurrent high data volumes.,Cleaning and structuring spreadsheet datasets for customer imports.,Writing step-by-step developer guides for writing custom scripts.,"Hi Clay Team,

I recently came across Clay and really liked what you're building in the SaaS space, especially around data enrichment and outbound lead databases. I noticed how your integration table connects data points from diverse APIs (LinkedIn, GitHub) into one database.

As SaaS products scale, the real challenge is not just development — but continuously managing user feedback, onboarding optimization, data workflows, growth experiments, and creative + content execution.

I’m Swatantra Shukla, Founder of NextGenGrowth.

NextGenGrowth is a student-powered execution and creator platform where brands and startups can directly access trained student talent for real, outcome-driven work — all managed through a structured, secure workflow.

We help SaaS teams with:

• Product testing & QA (web apps, SaaS tools, mobile apps)
• User feedback collection & UX research
• Data cleaning, tagging & structuring
• Growth experiments & market research
• Lead generation & outbound support
• Content & creative execution for marketing campaigns
• Community & user acquisition via campus ambassador programs
• Competitor tracking & positioning insights
• Ongoing execution via student creators on real projects

Instead of hiring and managing scattered interns or freelancers, startups can plug into a single structured system where student creators apply, work, submit, and get paid through a secure project flow.

If Clay is currently focusing on testing API integration limits, cleaning import spreadsheet datasets, or writing script setup guides, I’d love to explore whether this system can support your team.

Would you be open to a quick 15-minute call this week?

Looking forward to your thoughts.

Best regards,
Swatantra Shukla
Founder, NextGenGrowth
📧 swatantra@nextgengrowth.in
📱 +91 9532792303
🌐 https://nextgengrowth.in
🔗 https://www.linkedin.com/in/swatantra-shukla-aaa2a82bb/"
79,Apollo.io,Sales/CRM tools,https://apollo.io,"Sales reps, founders, and recruiters",https://www.linkedin.com/company/apolloio,Yes,Series D,"A sales intelligence platform providing database contacts, email outreach sequences, and lead enrichment.",sales intelligence and outbound outreach platforms,Testing browser extensions for rendering issues on updated sites.,Auditing contact databases to clean up inactive email records.,Running user research interviews with sales team users.,"Hi Apollo.io Team,

I recently came across Apollo.io and really liked what you're building in the SaaS space, especially around sales intelligence and outbound outreach platforms. Your contact database and email tracking metrics that help outbound teams scale campaigns are highly effective.

As SaaS products scale, the real challenge is not just development — but continuously managing user feedback, onboarding optimization, data workflows, growth experiments, and creative + content execution.

I’m Swatantra Shukla, Founder of NextGenGrowth.

NextGenGrowth is a student-powered execution and creator platform where brands and startups can directly access trained student talent for real, outcome-driven work — all managed through a structured, secure workflow.

We help SaaS teams with:

• Product testing & QA (web apps, SaaS tools, mobile apps)
• User feedback collection & UX research
• Data cleaning, tagging & structuring
• Growth experiments & market research
• Lead generation & outbound support
• Content & creative execution for marketing campaigns
• Community & user acquisition via campus ambassador programs
• Competitor tracking & positioning insights
• Ongoing execution via student creators on real projects

Instead of hiring and managing scattered interns or freelancers, startups can plug into a single structured system where student creators apply, work, submit, and get paid through a secure project flow.

If Apollo.io is currently focusing on testing browser extensions, cleaning contact databases, or conducting sales UX interviews, I’d love to explore whether this system can support your team.

Would you be open to a quick 15-minute call this week?

Looking forward to your thoughts.

Best regards,
Swatantra Shukla
Founder, NextGenGrowth
📧 swatantra@nextgengrowth.in
📱 +91 9532792303
🌐 https://nextgengrowth.in
🔗 https://www.linkedin.com/in/swatantra-shukla-aaa2a82bb/"
80,Close,Sales/CRM tools,https://close.com,"SMB sales leads, startup founders, and account executives",https://www.linkedin.com/company/closecrm,Yes,Bootstrapped,"An inside sales CRM built with built-in calling, SMS messaging, and email outreach sequencing tools.",inside sales pipeline and outreach CRMs,Testing desktop calling widgets for audio connection bugs.,Auditing customer database profiles to clean up phone record logs.,Outbound outreach to target early-stage startup leads.,"Hi Close Team,

I recently came across Close and really liked what you're building in the SaaS space, especially around inside sales pipeline and outreach CRMs. I really like how your dialer and email sequences allow sales reps to run campaigns from a single dashboard.

As SaaS products scale, the real challenge is not just development — but continuously managing user feedback, onboarding optimization, data workflows, growth experiments, and creative + content execution.

I’m Swatantra Shukla, Founder of NextGenGrowth.

NextGenGrowth is a student-powered execution and creator platform where brands and startups can directly access trained student talent for real, outcome-driven work — all managed through a structured, secure workflow.

We help SaaS teams with:

• Product testing & QA (web apps, SaaS tools, mobile apps)
• User feedback collection & UX research
• Data cleaning, tagging & structuring
• Growth experiments & market research
• Lead generation & outbound support
• Content & creative execution for marketing campaigns
• Community & user acquisition via campus ambassador programs
• Competitor tracking & positioning insights
• Ongoing execution via student creators on real projects

Instead of hiring and managing scattered interns or freelancers, startups can plug into a single structured system where student creators apply, work, submit, and get paid through a secure project flow.

If Close is currently focusing on testing call widget audio actions, auditing phone log databases, or scaling startup outbound outreach, I’d love to explore whether this system can support your team.

Would you be open to a quick 15-minute call this week?

Looking forward to your thoughts.

Best regards,
Swatantra Shukla
Founder, NextGenGrowth
📧 swatantra@nextgengrowth.in
📱 +91 9532792303
🌐 https://nextgengrowth.in
🔗 https://www.linkedin.com/in/swatantra-shukla-aaa2a82bb/"
81,Pipedrive,Sales/CRM tools,https://pipedrive.com,"Small business sales teams, sales agents",https://www.linkedin.com/company/pipedrive,Yes,Series C,"A web-based pipeline CRM that visualizes sales deals, tasks, and follow-up activities.",sales pipeline tracking and task management,Testing pipeline deal-dragging animations on mobile browser views.,Cleaning database tables of customer migration data sheets.,Sourcing marketing leads and building custom outreach databases.,"Hi Pipedrive Team,

I recently came across Pipedrive and really liked what you're building in the SaaS space, especially around sales pipeline tracking and task management. Your drag-and-drop deal board that makes tracking sales pipeline stages completely visual is very intuitive.

As SaaS products scale, the real challenge is not just development — but continuously managing user feedback, onboarding optimization, data workflows, growth experiments, and creative + content execution.

I’m Swatantra Shukla, Founder of NextGenGrowth.

NextGenGrowth is a student-powered execution and creator platform where brands and startups can directly access trained student talent for real, outcome-driven work — all managed through a structured, secure workflow.

We help SaaS teams with:

• Product testing & QA (web apps, SaaS tools, mobile apps)
• User feedback collection & UX research
• Data cleaning, tagging & structuring
• Growth experiments & market research
• Lead generation & outbound support
• Content & creative execution for marketing campaigns
• Community & user acquisition via campus ambassador programs
• Competitor tracking & positioning insights
• Ongoing execution via student creators on real projects

Instead of hiring and managing scattered interns or freelancers, startups can plug into a single structured system where student creators apply, work, submit, and get paid through a secure project flow.

If Pipedrive is currently focusing on testing mobile dashboard animations, cleaning migration database tables, or building outbound lead lists, I’d love to explore whether this system can support your team.

Would you be open to a quick 15-minute call this week?

Looking forward to your thoughts.

Best regards,
Swatantra Shukla
Founder, NextGenGrowth
📧 swatantra@nextgengrowth.in
📱 +91 9532792303
🌐 https://nextgengrowth.in
🔗 https://www.linkedin.com/in/swatantra-shukla-aaa2a82bb/"
82,Salesloft,Sales/CRM tools,https://salesloft.com,"Enterprise sales reps, sales ops leaders",https://www.linkedin.com/company/salesloft,Yes,Series E,"An enterprise sales engagement platform that schedules outbound email, phone, and social actions.",sales engagement and outreach pipelines,Testing email client integrations for inbox connection sync bugs.,Auditing contact lists to clean up inactive lead profiles.,Running user research studies with enterprise sales ops managers.,"Hi Salesloft Team,

I recently came across Salesloft and really liked what you're building in the SaaS space, especially around sales engagement and outreach pipelines. I saw how your sales playbooks guide reps step-by-step through email, phone, and LinkedIn outreach actions.

As SaaS products scale, the real challenge is not just development — but continuously managing user feedback, onboarding optimization, data workflows, growth experiments, and creative + content execution.

I’m Swatantra Shukla, Founder of NextGenGrowth.

NextGenGrowth is a student-powered execution and creator platform where brands and startups can directly access trained student talent for real, outcome-driven work — all managed through a structured, secure workflow.

We help SaaS teams with:

• Product testing & QA (web apps, SaaS tools, mobile apps)
• User feedback collection & UX research
• Data cleaning, tagging & structuring
• Growth experiments & market research
• Lead generation & outbound support
• Content & creative execution for marketing campaigns
• Community & user acquisition via campus ambassador programs
• Competitor tracking & positioning insights
• Ongoing execution via student creators on real projects

Instead of hiring and managing scattered interns or freelancers, startups can plug into a single structured system where student creators apply, work, submit, and get paid through a secure project flow.

If Salesloft is currently focusing on testing email integration syncs, cleaning contact database profiles, or running sales ops surveys, I’d love to explore whether this system can support your team.

Would you be open to a quick 15-minute call this week?

Looking forward to your thoughts.

Best regards,
Swatantra Shukla
Founder, NextGenGrowth
📧 swatantra@nextgengrowth.in
📱 +91 9532792303
🌐 https://nextgengrowth.in
🔗 https://www.linkedin.com/in/swatantra-shukla-aaa2a82bb/"
83,Outreach,Sales/CRM tools,https://outreach.io,"Enterprise sales development teams, sales leaders",https://www.linkedin.com/company/outreach-io,Yes,Series G,"A sales execution platform providing automated sequencing, pipeline management, and conversation insights.",sales execution and pipeline tracking software,Testing CRM data synchronization APIs for timeout errors.,Auditing call recording database tables for audio playback issues.,Outbound campaigns to target mid-market sales executives.,"Hi Outreach Team,

I recently came across Outreach and really liked what you're building in the SaaS space, especially around sales execution and pipeline tracking software. Your pipeline dashboard that forecasts sales closures using machine learning metrics is extremely powerful.

As SaaS products scale, the real challenge is not just development — but continuously managing user feedback, onboarding optimization, data workflows, growth experiments, and creative + content execution.

I’m Swatantra Shukla, Founder of NextGenGrowth.

NextGenGrowth is a student-powered execution and creator platform where brands and startups can directly access trained student talent for real, outcome-driven work — all managed through a structured, secure workflow.

We help SaaS teams with:

• Product testing & QA (web apps, SaaS tools, mobile apps)
• User feedback collection & UX research
• Data cleaning, tagging & structuring
• Growth experiments & market research
• Lead generation & outbound support
• Content & creative execution for marketing campaigns
• Community & user acquisition via campus ambassador programs
• Competitor tracking & positioning insights
• Ongoing execution via student creators on real projects

Instead of hiring and managing scattered interns or freelancers, startups can plug into a single structured system where student creators apply, work, submit, and get paid through a secure project flow.

If Outreach is currently focusing on testing CRM sync API handshakes, auditing recording databases, or running corporate outreach campaigns, I’d love to explore whether this system can support your team.

Would you be open to a quick 15-minute call this week?

Looking forward to your thoughts.

Best regards,
Swatantra Shukla
Founder, NextGenGrowth
📧 swatantra@nextgengrowth.in
📱 +91 9532792303
🌐 https://nextgengrowth.in
🔗 https://www.linkedin.com/in/swatantra-shukla-aaa2a82bb/"
84,Gong,Sales/CRM tools,https://gong.io,"Sales managers, account executives, and revenue officers",https://www.linkedin.com/company/gong-io,Yes,Series F,A revenue intelligence platform that records sales calls to analyze speaker talk ratios and deal progress.,revenue intelligence and sales conversational analytics,Testing transcription parser engines for lag under heavy call queues.,Structuring and tagging call transcript datasets to refine analytics.,Outbound campaigns to target enterprise sales organizations.,"Hi Gong Team,

I recently came across Gong and really liked what you're building in the SaaS space, especially around revenue intelligence and sales conversational analytics. Your speaker call analysis that identifies which talk tracks and competitor mentions drive sales closures is incredible.

As SaaS products scale, the real challenge is not just development — but continuously managing user feedback, onboarding optimization, data workflows, growth experiments, and creative + content execution.

I’m Swatantra Shukla, Founder of NextGenGrowth.

NextGenGrowth is a student-powered execution and creator platform where brands and startups can directly access trained student talent for real, outcome-driven work — all managed through a structured, secure workflow.

We help SaaS teams with:

• Product testing & QA (web apps, SaaS tools, mobile apps)
• User feedback collection & UX research
• Data cleaning, tagging & structuring
• Growth experiments & market research
• Lead generation & outbound support
• Content & creative execution for marketing campaigns
• Community & user acquisition via campus ambassador programs
• Competitor tracking & positioning insights
• Ongoing execution via student creators on real projects

Instead of hiring and managing scattered interns or freelancers, startups can plug into a single structured system where student creators apply, work, submit, and get paid through a secure project flow.

If Gong is currently focusing on testing transcription parser queues, structuring transcript databases, or driving enterprise sales leads, I’d love to explore whether this system can support your team.

Would you be open to a quick 15-minute call this week?

Looking forward to your thoughts.

Best regards,
Swatantra Shukla
Founder, NextGenGrowth
📧 swatantra@nextgengrowth.in
📱 +91 9532792303
🌐 https://nextgengrowth.in
🔗 https://www.linkedin.com/in/swatantra-shukla-aaa2a82bb/"
85,Clari,Sales/CRM tools,https://clari.com,"Revenue operations managers, CFOs, and sales leaders",https://www.linkedin.com/company/clari,Yes,Series F,A revenue collaboration and forecasting platform that aggregates CRM and sales activity data.,revenue operations and pipeline forecasting,Testing pipeline forecasting charts for mobile browser responsiveness.,Cleaning historical sales database files for model training.,Outbound outreach to connect with enterprise RevOps leads.,"Hi Clari Team,

I recently came across Clari and really liked what you're building in the SaaS space, especially around revenue operations and pipeline forecasting. I saw how your platform tracks all customer interactions to predict quarterly sales performance accurately.

As SaaS products scale, the real challenge is not just development — but continuously managing user feedback, onboarding optimization, data workflows, growth experiments, and creative + content execution.

I’m Swatantra Shukla, Founder of NextGenGrowth.

NextGenGrowth is a student-powered execution and creator platform where brands and startups can directly access trained student talent for real, outcome-driven work — all managed through a structured, secure workflow.

We help SaaS teams with:

• Product testing & QA (web apps, SaaS tools, mobile apps)
• User feedback collection & UX research
• Data cleaning, tagging & structuring
• Growth experiments & market research
• Lead generation & outbound support
• Content & creative execution for marketing campaigns
• Community & user acquisition via campus ambassador programs
• Competitor tracking & positioning insights
• Ongoing execution via student creators on real projects

Instead of hiring and managing scattered interns or freelancers, startups can plug into a single structured system where student creators apply, work, submit, and get paid through a secure project flow.

If Clari is currently focusing on testing mobile forecasting charts, cleaning historical sales files, or scaling enterprise outbound outreach, I’d love to explore whether this system can support your team.

Would you be open to a quick 15-minute call this week?

Looking forward to your thoughts.

Best regards,
Swatantra Shukla
Founder, NextGenGrowth
📧 swatantra@nextgengrowth.in
📱 +91 9532792303
🌐 https://nextgengrowth.in
🔗 https://www.linkedin.com/in/swatantra-shukla-aaa2a82bb/"
86,Scratchpad,Sales/CRM tools,https://scratchpad.com,"Account executives, sales development reps",https://www.linkedin.com/company/scratchpad,Yes,Series B,"A workspace for Salesforce users that syncs notes, tasks, and deal fields instantly without slow loading page steps.",Salesforce workspace and productivity interfaces,Testing note editor text sync logic on offline browser states.,Gathering customer feedback on layout panel configuration drops.,Sourcing marketing leads and building custom outreach databases.,"Hi Scratchpad Team,

I recently came across Scratchpad and really liked what you're building in the SaaS space, especially around Salesforce workspace and productivity interfaces. I noticed how your note-taking editor syncs updates to Salesforce fields instantly, saving reps hours of admin time.

As SaaS products scale, the real challenge is not just development — but continuously managing user feedback, onboarding optimization, data workflows, growth experiments, and creative + content execution.

I’m Swatantra Shukla, Founder of NextGenGrowth.

NextGenGrowth is a student-powered execution and creator platform where brands and startups can directly access trained student talent for real, outcome-driven work — all managed through a structured, secure workflow.

We help SaaS teams with:

• Product testing & QA (web apps, SaaS tools, mobile apps)
• User feedback collection & UX research
• Data cleaning, tagging & structuring
• Growth experiments & market research
• Lead generation & outbound support
• Content & creative execution for marketing campaigns
• Community & user acquisition via campus ambassador programs
• Competitor tracking & positioning insights
• Ongoing execution via student creators on real projects

Instead of hiring and managing scattered interns or freelancers, startups can plug into a single structured system where student creators apply, work, submit, and get paid through a secure project flow.

If Scratchpad is currently focusing on testing offline editor syncs, conducting layout UX research, or building lead outreach databases, I’d love to explore whether this system can support your team.

Would you be open to a quick 15-minute call this week?

Looking forward to your thoughts.

Best regards,
Swatantra Shukla
Founder, NextGenGrowth
📧 swatantra@nextgengrowth.in
📱 +91 9532792303
🌐 https://nextgengrowth.in
🔗 https://www.linkedin.com/in/swatantra-shukla-aaa2a82bb/"
87,Lusha,Sales/CRM tools,https://lusha.com,"Sales development reps, sourcers, and recruiters",https://www.linkedin.com/company/lusha,Yes,Series B,A B2B lead enrichment tool providing contact details and company phone numbers via a browser extension.,B2B contact details and data enrichment APIs,Testing browser extension UI overlays on updated browser builds.,Cleaning contact number databases to remove inactive listings.,Sourcing sales leads and executing outbound campaigns.,"Hi Lusha Team,

I recently came across Lusha and really liked what you're building in the SaaS space, especially around B2B contact details and data enrichment APIs. Your browser extension that locates direct dial numbers and business emails on LinkedIn profiles is very handy.

As SaaS products scale, the real challenge is not just development — but continuously managing user feedback, onboarding optimization, data workflows, growth experiments, and creative + content execution.

I’m Swatantra Shukla, Founder of NextGenGrowth.

NextGenGrowth is a student-powered execution and creator platform where brands and startups can directly access trained student talent for real, outcome-driven work — all managed through a structured, secure workflow.

We help SaaS teams with:

• Product testing & QA (web apps, SaaS tools, mobile apps)
• User feedback collection & UX research
• Data cleaning, tagging & structuring
• Growth experiments & market research
• Lead generation & outbound support
• Content & creative execution for marketing campaigns
• Community & user acquisition via campus ambassador programs
• Competitor tracking & positioning insights
• Ongoing execution via student creators on real projects

Instead of hiring and managing scattered interns or freelancers, startups can plug into a single structured system where student creators apply, work, submit, and get paid through a secure project flow.

If Lusha is currently focusing on testing browser extensions, cleaning phone record databases, or scaling outbound outreach campaigns, I’d love to explore whether this system can support your team.

Would you be open to a quick 15-minute call this week?

Looking forward to your thoughts.

Best regards,
Swatantra Shukla
Founder, NextGenGrowth
📧 swatantra@nextgengrowth.in
📱 +91 9532792303
🌐 https://nextgengrowth.in
🔗 https://www.linkedin.com/in/swatantra-shukla-aaa2a82bb/"
88,Hunter.io,Sales/CRM tools,https://hunter.io,"Marketers, sales reps, and outreach professionals",https://www.linkedin.com/company/hunter.io,Yes,Bootstrapped,A web scraper tool that locates professional email addresses by domain name and verifies deliverability.,email domain search and address verification,Testing email verifier script responses against bounce-catch mail systems.,Cleaning customer domain database files for verification updates.,Outbound campaigns to target marketing and sales agency heads.,"Hi Hunter.io Team,

I recently came across Hunter.io and really liked what you're building in the SaaS space, especially around email domain search and address verification. I love how your domain search compiles pattern structures and verifier logs to locate company email formats.

As SaaS products scale, the real challenge is not just development — but continuously managing user feedback, onboarding optimization, data workflows, growth experiments, and creative + content execution.

I’m Swatantra Shukla, Founder of NextGenGrowth.

NextGenGrowth is a student-powered execution and creator platform where brands and startups can directly access trained student talent for real, outcome-driven work — all managed through a structured, secure workflow.

We help SaaS teams with:

• Product testing & QA (web apps, SaaS tools, mobile apps)
• User feedback collection & UX research
• Data cleaning, tagging & structuring
• Growth experiments & market research
• Lead generation & outbound support
• Content & creative execution for marketing campaigns
• Community & user acquisition via campus ambassador programs
• Competitor tracking & positioning insights
• Ongoing execution via student creators on real projects

Instead of hiring and managing scattered interns or freelancers, startups can plug into a single structured system where student creators apply, work, submit, and get paid through a secure project flow.

If Hunter.io is currently focusing on testing email verifier scripts, cleaning domain databases, or scaling outbound agency marketing, I’d love to explore whether this system can support your team.

Would you be open to a quick 15-minute call this week?

Looking forward to your thoughts.

Best regards,
Swatantra Shukla
Founder, NextGenGrowth
📧 swatantra@nextgengrowth.in
📱 +91 9532792303
🌐 https://nextgengrowth.in
🔗 https://www.linkedin.com/in/swatantra-shukla-aaa2a82bb/"
89,Cognism,Sales/CRM tools,https://cognism.com,"Enterprise sales development reps, marketing leads",https://www.linkedin.com/company/cognism,Yes,Series C,A compliant B2B intelligence platform providing mobile contact phone numbers and email addresses globally.,compliant B2B intelligence and mobile contact data,Testing mobile contact details verifier scripts for loading speeds.,Auditing contact phone databases to remove inactive entries.,Outbound outreach to target technology sales leaders.,"Hi Cognism Team,

I recently came across Cognism and really liked what you're building in the SaaS space, especially around compliant B2B intelligence and mobile contact data. Your focus on GDPR compliance and verified mobile contact details for outbound calling is highly valuable.

As SaaS products scale, the real challenge is not just development — but continuously managing user feedback, onboarding optimization, data workflows, growth experiments, and creative + content execution.

I’m Swatantra Shukla, Founder of NextGenGrowth.

NextGenGrowth is a student-powered execution and creator platform where brands and startups can directly access trained student talent for real, outcome-driven work — all managed through a structured, secure workflow.

We help SaaS teams with:

• Product testing & QA (web apps, SaaS tools, mobile apps)
• User feedback collection & UX research
• Data cleaning, tagging & structuring
• Growth experiments & market research
• Lead generation & outbound support
• Content & creative execution for marketing campaigns
• Community & user acquisition via campus ambassador programs
• Competitor tracking & positioning insights
• Ongoing execution via student creators on real projects

Instead of hiring and managing scattered interns or freelancers, startups can plug into a single structured system where student creators apply, work, submit, and get paid through a secure project flow.

If Cognism is currently focusing on testing contact verifier APIs, auditing telephone number databases, or scaling sales outbound outreach, I’d love to explore whether this system can support your team.

Would you be open to a quick 15-minute call this week?

Looking forward to your thoughts.

Best regards,
Swatantra Shukla
Founder, NextGenGrowth
📧 swatantra@nextgengrowth.in
📱 +91 9532792303
🌐 https://nextgengrowth.in
🔗 https://www.linkedin.com/in/swatantra-shukla-aaa2a82bb/"
90,Lemlist,Sales/CRM tools,https://lemlist.com,"Growth marketers, sales reps, and agency teams",https://www.linkedin.com/company/lemlist,Yes,Bootstrapped,A cold outreach automation platform that allows users to send emails with personalized images and videos.,cold email outreach and lead personalization,Testing image overlay generation engines for loading speed bugs.,Cleaning and enriching prospecting database files for deliverability.,Campus programs to recruit digital marketing student ambassadors.,"Hi Lemlist Team,

I recently came across Lemlist and really liked what you're building in the SaaS space, especially around cold email outreach and lead personalization. Your automated email image overlays and custom landing pages that make cold pitches feel highly customized are great.

As SaaS products scale, the real challenge is not just development — but continuously managing user feedback, onboarding optimization, data workflows, growth experiments, and creative + content execution.

I’m Swatantra Shukla, Founder of NextGenGrowth.

NextGenGrowth is a student-powered execution and creator platform where brands and startups can directly access trained student talent for real, outcome-driven work — all managed through a structured, secure workflow.

We help SaaS teams with:

• Product testing & QA (web apps, SaaS tools, mobile apps)
• User feedback collection & UX research
• Data cleaning, tagging & structuring
• Growth experiments & market research
• Lead generation & outbound support
• Content & creative execution for marketing campaigns
• Community & user acquisition via campus ambassador programs
• Competitor tracking & positioning insights
• Ongoing execution via student creators on real projects

Instead of hiring and managing scattered interns or freelancers, startups can plug into a single structured system where student creators apply, work, submit, and get paid through a secure project flow.

If Lemlist is currently focusing on testing image generator engines, cleaning email database files, or setting up campus ambassador programs, I’d love to explore whether this system can support your team.

Would you be open to a quick 15-minute call this week?

Looking forward to your thoughts.

Best regards,
Swatantra Shukla
Founder, NextGenGrowth
📧 swatantra@nextgengrowth.in
📱 +91 9532792303
🌐 https://nextgengrowth.in
🔗 https://www.linkedin.com/in/swatantra-shukla-aaa2a82bb/"
91,Mixpanel,Analytics platforms,https://mixpanel.com,"Product managers, growth marketers, and analytics teams",https://www.linkedin.com/company/mixpanel,Yes,Series C,"A product analytics platform that tracks user events, conversion funnels, and retention rates in real time.",product event analytics and retention tracking,Testing SDK library imports on older browser builds.,Auditing database export logs to identify tracking discrepancies.,Outbound outreach to acquire software development agencies.,"Hi Mixpanel Team,

I recently came across Mixpanel and really liked what you're building in the SaaS space, especially around product event analytics and retention tracking. Your interactive funnel builders and cohort tracking tools that map out user retention paths are extremely useful.

As SaaS products scale, the real challenge is not just development — but continuously managing user feedback, onboarding optimization, data workflows, growth experiments, and creative + content execution.

I’m Swatantra Shukla, Founder of NextGenGrowth.

NextGenGrowth is a student-powered execution and creator platform where brands and startups can directly access trained student talent for real, outcome-driven work — all managed through a structured, secure workflow.

We help SaaS teams with:

• Product testing & QA (web apps, SaaS tools, mobile apps)
• User feedback collection & UX research
• Data cleaning, tagging & structuring
• Growth experiments & market research
• Lead generation & outbound support
• Content & creative execution for marketing campaigns
• Community & user acquisition via campus ambassador programs
• Competitor tracking & positioning insights
• Ongoing execution via student creators on real projects

Instead of hiring and managing scattered interns or freelancers, startups can plug into a single structured system where student creators apply, work, submit, and get paid through a secure project flow.

If Mixpanel is currently focusing on testing analytics SDK versions, auditing data export logs, or driving agency outbound outreach, I’d love to explore whether this system can support your team.

Would you be open to a quick 15-minute call this week?

Looking forward to your thoughts.

Best regards,
Swatantra Shukla
Founder, NextGenGrowth
📧 swatantra@nextgengrowth.in
📱 +91 9532792303
🌐 https://nextgengrowth.in
🔗 https://www.linkedin.com/in/swatantra-shukla-aaa2a82bb/"
92,Amplitude,Analytics platforms,https://amplitude.com,"Product managers, SaaS growth teams, and enterprise leads",https://www.linkedin.com/company/amplitude,Yes,IPO,A digital optimization system that helps teams run product experiments and track user behavior pathways.,product optimization and user event analytics,Testing data exporter modules for chart loading lags.,Auditing customer dashboard database logs to clean up data anomalies.,Sourcing marketing leads and building custom outreach databases.,"Hi Amplitude Team,

I recently came across Amplitude and really liked what you're building in the SaaS space, especially around product optimization and user event analytics. I saw how your user behavior pathways help teams discover why users drop off during onboarding flows.

As SaaS products scale, the real challenge is not just development — but continuously managing user feedback, onboarding optimization, data workflows, growth experiments, and creative + content execution.

I’m Swatantra Shukla, Founder of NextGenGrowth.

NextGenGrowth is a student-powered execution and creator platform where brands and startups can directly access trained student talent for real, outcome-driven work — all managed through a structured, secure workflow.

We help SaaS teams with:

• Product testing & QA (web apps, SaaS tools, mobile apps)
• User feedback collection & UX research
• Data cleaning, tagging & structuring
• Growth experiments & market research
• Lead generation & outbound support
• Content & creative execution for marketing campaigns
• Community & user acquisition via campus ambassador programs
• Competitor tracking & positioning insights
• Ongoing execution via student creators on real projects

Instead of hiring and managing scattered interns or freelancers, startups can plug into a single structured system where student creators apply, work, submit, and get paid through a secure project flow.

If Amplitude is currently focusing on testing dashboard exporter modules, auditing database log records, or building lead outreach databases, I’d love to explore whether this system can support your team.

Would you be open to a quick 15-minute call this week?

Looking forward to your thoughts.

Best regards,
Swatantra Shukla
Founder, NextGenGrowth
📧 swatantra@nextgengrowth.in
📱 +91 9532792303
🌐 https://nextgengrowth.in
🔗 https://www.linkedin.com/in/swatantra-shukla-aaa2a82bb/"
93,Heap,Analytics platforms,https://heap.io,"Product designers, digital marketers, and PMs",https://www.linkedin.com/company/heap,Yes,Acquired (Series D),"A digital insights tool that captures user actions (clicks, form fills) on websites automatically without coding.",user autocapture web analytics systems,Testing autocapture script loaders on mobile web views.,Cleaning database tables of customer session tracking logs.,Outbound outreach to reach growing SaaS startups.,"Hi Heap Team,

I recently came across Heap and really liked what you're building in the SaaS space, especially around user autocapture web analytics systems. Your autocapture script that tracks click actions automatically without manual tagging saves teams massive tracking setups.

As SaaS products scale, the real challenge is not just development — but continuously managing user feedback, onboarding optimization, data workflows, growth experiments, and creative + content execution.

I’m Swatantra Shukla, Founder of NextGenGrowth.

NextGenGrowth is a student-powered execution and creator platform where brands and startups can directly access trained student talent for real, outcome-driven work — all managed through a structured, secure workflow.

We help SaaS teams with:

• Product testing & QA (web apps, SaaS tools, mobile apps)
• User feedback collection & UX research
• Data cleaning, tagging & structuring
• Growth experiments & market research
• Lead generation & outbound support
• Content & creative execution for marketing campaigns
• Community & user acquisition via campus ambassador programs
• Competitor tracking & positioning insights
• Ongoing execution via student creators on real projects

Instead of hiring and managing scattered interns or freelancers, startups can plug into a single structured system where student creators apply, work, submit, and get paid through a secure project flow.

If Heap is currently focusing on testing autocapture script loaders, cleaning session log databases, or scaling startup outbound outreach, I’d love to explore whether this system can support your team.

Would you be open to a quick 15-minute call this week?

Looking forward to your thoughts.

Best regards,
Swatantra Shukla
Founder, NextGenGrowth
📧 swatantra@nextgengrowth.in
📱 +91 9532792303
🌐 https://nextgengrowth.in
🔗 https://www.linkedin.com/in/swatantra-shukla-aaa2a82bb/"
94,Plausible,Analytics platforms,https://plausible.io,"Website owners, indie hackers, and privacy teams",https://www.linkedin.com/company/plausible-analytics,Yes,Bootstrapped,"An open-source, privacy-focused lightweight web analytics tool that does not use cookies.",privacy-compliant web analytics dashboards,Testing script loading speed under heavy browser caching configurations.,Writing step-by-step developer guides for setting up domain goals.,Outbound outreach to acquire digital design agencies.,"Hi Plausible Team,

I recently came across Plausible and really liked what you're building in the SaaS space, especially around privacy-compliant web analytics dashboards. I really like your lightweight tracking script that measures page views without tracking user personal data.

As SaaS products scale, the real challenge is not just development — but continuously managing user feedback, onboarding optimization, data workflows, growth experiments, and creative + content execution.

I’m Swatantra Shukla, Founder of NextGenGrowth.

NextGenGrowth is a student-powered execution and creator platform where brands and startups can directly access trained student talent for real, outcome-driven work — all managed through a structured, secure workflow.

We help SaaS teams with:

• Product testing & QA (web apps, SaaS tools, mobile apps)
• User feedback collection & UX research
• Data cleaning, tagging & structuring
• Growth experiments & market research
• Lead generation & outbound support
• Content & creative execution for marketing campaigns
• Community & user acquisition via campus ambassador programs
• Competitor tracking & positioning insights
• Ongoing execution via student creators on real projects

Instead of hiring and managing scattered interns or freelancers, startups can plug into a single structured system where student creators apply, work, submit, and get paid through a secure project flow.

If Plausible is currently focusing on testing script loader caching, writing goal tracking guides, or scaling agency outbound outreach, I’d love to explore whether this system can support your team.

Would you be open to a quick 15-minute call this week?

Looking forward to your thoughts.

Best regards,
Swatantra Shukla
Founder, NextGenGrowth
📧 swatantra@nextgengrowth.in
📱 +91 9532792303
🌐 https://nextgengrowth.in
🔗 https://www.linkedin.com/in/swatantra-shukla-aaa2a82bb/"
95,Fathom,Analytics platforms,https://usefathom.com,"Content creators, web designers, and business owners",https://www.linkedin.com/company/fathom-analytics,Yes,Bootstrapped,"A lightweight, cookie-less privacy-first web analytics platform that complies with GDPR and CCPA.",lightweight privacy web trackers,Testing dashboard charts for responsiveness on mobile Safari.,Auditing database logs to verify correct script loading stats.,Sourcing marketing leads and building custom outreach databases.,"Hi Fathom Team,

I recently came across Fathom and really liked what you're building in the SaaS space, especially around lightweight privacy web trackers. Your simple dashboard interface that details page traffic without cookie consent pop-ups is very clean.

As SaaS products scale, the real challenge is not just development — but continuously managing user feedback, onboarding optimization, data workflows, growth experiments, and creative + content execution.

I’m Swatantra Shukla, Founder of NextGenGrowth.

NextGenGrowth is a student-powered execution and creator platform where brands and startups can directly access trained student talent for real, outcome-driven work — all managed through a structured, secure workflow.

We help SaaS teams with:

• Product testing & QA (web apps, SaaS tools, mobile apps)
• User feedback collection & UX research
• Data cleaning, tagging & structuring
• Growth experiments & market research
• Lead generation & outbound support
• Content & creative execution for marketing campaigns
• Community & user acquisition via campus ambassador programs
• Competitor tracking & positioning insights
• Ongoing execution via student creators on real projects

Instead of hiring and managing scattered interns or freelancers, startups can plug into a single structured system where student creators apply, work, submit, and get paid through a secure project flow.

If Fathom is currently focusing on testing mobile dashboard charts, auditing script load logs, or building outbound lead databases, I’d love to explore whether this system can support your team.

Would you be open to a quick 15-minute call this week?

Looking forward to your thoughts.

Best regards,
Swatantra Shukla
Founder, NextGenGrowth
📧 swatantra@nextgengrowth.in
📱 +91 9532792303
🌐 https://nextgengrowth.in
🔗 https://www.linkedin.com/in/swatantra-shukla-aaa2a82bb/"
96,Simple Analytics,Analytics platforms,https://simpleanalytics.com,"Product managers, web owners, and SaaS builders",https://www.linkedin.com/company/simple-analytics,Yes,Bootstrapped,A privacy-friendly analytics dashboard that tracks page visitors without using cookies or storing IP addresses.,cookie-free website analytics dashboards,Testing layout dashboard graphics for browser bugs.,Writing documentation tutorials on setting up event tracking.,Outbound outreach to target privacy-focused startups.,"Hi Simple Analytics Team,

I recently came across Simple Analytics and really liked what you're building in the SaaS space, especially around cookie-free website analytics dashboards. Your simple dashboard and automated email traffic reports that prioritize privacy are fantastic.

As SaaS products scale, the real challenge is not just development — but continuously managing user feedback, onboarding optimization, data workflows, growth experiments, and creative + content execution.

I’m Swatantra Shukla, Founder of NextGenGrowth.

NextGenGrowth is a student-powered execution and creator platform where brands and startups can directly access trained student talent for real, outcome-driven work — all managed through a structured, secure workflow.

We help SaaS teams with:

• Product testing & QA (web apps, SaaS tools, mobile apps)
• User feedback collection & UX research
• Data cleaning, tagging & structuring
• Growth experiments & market research
• Lead generation & outbound support
• Content & creative execution for marketing campaigns
• Community & user acquisition via campus ambassador programs
• Competitor tracking & positioning insights
• Ongoing execution via student creators on real projects

Instead of hiring and managing scattered interns or freelancers, startups can plug into a single structured system where student creators apply, work, submit, and get paid through a secure project flow.

If Simple Analytics is currently focusing on testing dashboard UI graphics, writing setup tracking documentation, or scaling startup outreach, I’d love to explore whether this system can support your team.

Would you be open to a quick 15-minute call this week?

Looking forward to your thoughts.

Best regards,
Swatantra Shukla
Founder, NextGenGrowth
📧 swatantra@nextgengrowth.in
📱 +91 9532792303
🌐 https://nextgengrowth.in
🔗 https://www.linkedin.com/in/swatantra-shukla-aaa2a82bb/"
97,Hotjar,Analytics platforms,https://hotjar.com,"UX designers, product managers, and marketers",https://www.linkedin.com/company/hotjar,Yes,Acquired (Series B),"A product experience platform providing visual heatmaps, visitor session recordings, and feedback surveys.",visual heatmaps and visitor session recordings,Testing canvas rendering of heatmaps on dynamic web pages.,Auditing and tagging session recordings databases.,Running user research interviews with corporate design leads.,"Hi Hotjar Team,

I recently came across Hotjar and really liked what you're building in the SaaS space, especially around visual heatmaps and visitor session recordings. I love how your visual heatmaps show exactly where users click, scroll, and spend time on landing pages.

As SaaS products scale, the real challenge is not just development — but continuously managing user feedback, onboarding optimization, data workflows, growth experiments, and creative + content execution.

I’m Swatantra Shukla, Founder of NextGenGrowth.

NextGenGrowth is a student-powered execution and creator platform where brands and startups can directly access trained student talent for real, outcome-driven work — all managed through a structured, secure workflow.

We help SaaS teams with:

• Product testing & QA (web apps, SaaS tools, mobile apps)
• User feedback collection & UX research
• Data cleaning, tagging & structuring
• Growth experiments & market research
• Lead generation & outbound support
• Content & creative execution for marketing campaigns
• Community & user acquisition via campus ambassador programs
• Competitor tracking & positioning insights
• Ongoing execution via student creators on real projects

Instead of hiring and managing scattered interns or freelancers, startups can plug into a single structured system where student creators apply, work, submit, and get paid through a secure project flow.

If Hotjar is currently focusing on testing canvas heatmap rendering, auditing session record databases, or conducting UX design surveys, I’d love to explore whether this system can support your team.

Would you be open to a quick 15-minute call this week?

Looking forward to your thoughts.

Best regards,
Swatantra Shukla
Founder, NextGenGrowth
📧 swatantra@nextgengrowth.in
📱 +91 9532792303
🌐 https://nextgengrowth.in
🔗 https://www.linkedin.com/in/swatantra-shukla-aaa2a82bb/"
98,Smartlook,Analytics platforms,https://smartlook.com,"Mobile developers, UX researchers, and product teams",https://www.linkedin.com/company/smartlook,Yes,Acquired (Series A),A qualitative analytics tool that tracks user sessions and events on both web and mobile app interfaces.,mobile app session recording and funnel tracking,Testing mobile SDK integration stability across old Android versions.,Cleaning database tables of customer session tracking records.,Outbound prospecting to acquire mobile app development teams.,"Hi Smartlook Team,

I recently came across Smartlook and really liked what you're building in the SaaS space, especially around mobile app session recording and funnel tracking. Your mobile SDK session recording capabilities that capture user interactions on smartphone layouts are great.

As SaaS products scale, the real challenge is not just development — but continuously managing user feedback, onboarding optimization, data workflows, growth experiments, and creative + content execution.

I’m Swatantra Shukla, Founder of NextGenGrowth.

NextGenGrowth is a student-powered execution and creator platform where brands and startups can directly access trained student talent for real, outcome-driven work — all managed through a structured, secure workflow.

We help SaaS teams with:

• Product testing & QA (web apps, SaaS tools, mobile apps)
• User feedback collection & UX research
• Data cleaning, tagging & structuring
• Growth experiments & market research
• Lead generation & outbound support
• Content & creative execution for marketing campaigns
• Community & user acquisition via campus ambassador programs
• Competitor tracking & positioning insights
• Ongoing execution via student creators on real projects

Instead of hiring and managing scattered interns or freelancers, startups can plug into a single structured system where student creators apply, work, submit, and get paid through a secure project flow.

If Smartlook is currently focusing on testing mobile app SDK builds, cleaning session database logs, or driving mobile dev prospecting, I’d love to explore whether this system can support your team.

Would you be open to a quick 15-minute call this week?

Looking forward to your thoughts.

Best regards,
Swatantra Shukla
Founder, NextGenGrowth
📧 swatantra@nextgengrowth.in
📱 +91 9532792303
🌐 https://nextgengrowth.in
🔗 https://www.linkedin.com/in/swatantra-shukla-aaa2a82bb/"
99,HockeyStack,Analytics platforms,https://hockeystack.com,"RevOps managers, growth marketers, and SaaS builders",https://www.linkedin.com/company/hockeystack,Yes,Seed,"An attribution and analytics platform that connects CRM, marketing, and product data to track customer journeys.",B2B revenue attribution and multi-touch tracking,Testing API database handshakes for sync lag during peak hours.,Cleaning lead attribution records to ensure zero double-counting.,Outbound outreach to target enterprise RevOps leaders.,"Hi HockeyStack Team,

I recently came across HockeyStack and really liked what you're building in the SaaS space, especially around B2B revenue attribution and multi-touch tracking. I noticed how you compile customer touchpoints across ads, site visits, and CRM tickets into one unified timeline.

As SaaS products scale, the real challenge is not just development — but continuously managing user feedback, onboarding optimization, data workflows, growth experiments, and creative + content execution.

I’m Swatantra Shukla, Founder of NextGenGrowth.

NextGenGrowth is a student-powered execution and creator platform where brands and startups can directly access trained student talent for real, outcome-driven work — all managed through a structured, secure workflow.

We help SaaS teams with:

• Product testing & QA (web apps, SaaS tools, mobile apps)
• User feedback collection & UX research
• Data cleaning, tagging & structuring
• Growth experiments & market research
• Lead generation & outbound support
• Content & creative execution for marketing campaigns
• Community & user acquisition via campus ambassador programs
• Competitor tracking & positioning insights
• Ongoing execution via student creators on real projects

Instead of hiring and managing scattered interns or freelancers, startups can plug into a single structured system where student creators apply, work, submit, and get paid through a secure project flow.

If HockeyStack is currently focusing on testing API database connections, cleaning attribution logs, or scaling enterprise RevOps outreach, I’d love to explore whether this system can support your team.

Would you be open to a quick 15-minute call this week?

Looking forward to your thoughts.

Best regards,
Swatantra Shukla
Founder, NextGenGrowth
📧 swatantra@nextgengrowth.in
📱 +91 9532792303
🌐 https://nextgengrowth.in
🔗 https://www.linkedin.com/in/swatantra-shukla-aaa2a82bb/"
100,June.so,Analytics platforms,https://june.so,"SaaS founders, product managers, and developers",https://www.linkedin.com/company/juneso,Yes,Seed,A product analytics tool built on Segment that provides ready-made templates for SaaS retention and onboarding.,product analytics dashboards for SaaS,Testing dashboard template views on mobile safari configurations.,Sourcing customer feedback on dashboard UI setup configurations.,Outbound marketing to acquire early-stage SaaS founders.,"Hi June.so Team,

I recently came across June.so and really liked what you're building in the SaaS space, especially around product analytics dashboards for SaaS. Your pre-built reports for SaaS metrics like user activation, retention, and churn are incredibly clean.

As SaaS products scale, the real challenge is not just development — but continuously managing user feedback, onboarding optimization, data workflows, growth experiments, and creative + content execution.

I’m Swatantra Shukla, Founder of NextGenGrowth.

NextGenGrowth is a student-powered execution and creator platform where brands and startups can directly access trained student talent for real, outcome-driven work — all managed through a structured, secure workflow.

We help SaaS teams with:

• Product testing & QA (web apps, SaaS tools, mobile apps)
• User feedback collection & UX research
• Data cleaning, tagging & structuring
• Growth experiments & market research
• Lead generation & outbound support
• Content & creative execution for marketing campaigns
• Community & user acquisition via campus ambassador programs
• Competitor tracking & positioning insights
• Ongoing execution via student creators on real projects

Instead of hiring and managing scattered interns or freelancers, startups can plug into a single structured system where student creators apply, work, submit, and get paid through a secure project flow.

If June.so is currently focusing on testing dashboard template layouts, gathering UI setup feedback, or scaling founder outbound marketing, I’d love to explore whether this system can support your team.

Would you be open to a quick 15-minute call this week?

Looking forward to your thoughts.

Best regards,
Swatantra Shukla
Founder, NextGenGrowth
📧 swatantra@nextgengrowth.in
📱 +91 9532792303
🌐 https://nextgengrowth.in
🔗 https://www.linkedin.com/in/swatantra-shukla-aaa2a82bb/"
